"","folder","pop","picname","Body_weight.g.","Total_length.mm.","Standard_length.mm.","cal"
"1","BZLZ","BZLZ","17051001_L",49.7,180.26,145.62,386
"2","BZLZ","BZLZ","17051002_R",13.3,113.28,94.77,386
"3","BZLZ","BZLZ","17051003_L",11,107.27,86.45,386
"4","BZLZ","BZLZ","17051004_L",9.7,102.38,81.57,386
"5","BZLZ","BZLZ","17051101_L",425.6,361.2,294.6,386
"6","BZLZ","BZLZ","17051102_L",335.9,342.26,277.14,386
"7","BZLZ","BZLZ","17051103_L",557.1,399.47,330.47,386
"8","BZLZ","BZLZ","17051104_L",1648.9,528.02,449.97,386
"9","BZLZ","BZLZ","17051105_L",1230.8,507.56,420.74,386
"10","BZLZ","BZLZ","17051106_L",1334.6,506.03,416.84,386
"11","BZLZ","BZLZ","17051108_L",241.2,306.85,240.66,386
"12","BZLZ","BZLZ","17051109_R",275.6,331.63,260.29,386
"13","BZLZ","BZLZ","17051110_L",62.6,195.86,159.25,386
"14","BZLZ","BZLZ","17051115_L",769.3,NA,356.49,386
"15","BZLZ","BZLZ","17051116_L",322.7,NA,275.46,386
"16","BZLZ","BZLZ","17051117_R",389.5,NA,282.3,386
"17","BZLZ","BZLZ","17051118_L",NA,NA,230.45,386
"18","BZLZ","BZLZ","17051119_R",110.2,NA,193.87,386
"19","BZLZ","BZLZ","17051120_L",127.2,NA,194.55,386
"20","BZLZ","BZLZ","17051121_L",92.1,NA,179.55,386
"21","BZLZ","BZLZ","17051122_L",102.3,NA,185.37,386
"22","BZLZ","BZLZ","17051123_L",73.7,NA,162.1,386
"23","BZLZ","BZLZ","17051124_L",74.1,NA,166.38,386
"24","BZLZ","BZLZ","17051125_R",54,NA,153.1,386
"25","BZLZ","BZLZ","17051126_L",28.7,NA,118.95,386
"26","BZLZ","BZLZ","17051127_L",35.8,NA,125.78,386
"27","BZLZ","BZLZ","17051128_L",29.6,NA,120.16,386
"28","BZLZ","BZLZ","17051129_L",16.4,NA,96.33,386
"29","BZLZ","BZLZ","17051130_L",27.4,NA,116.33,386
"30","BZLZ","BZLZ","17051131_L",20.4,NA,105.42,386
"31","BZLZ","BZLZ","17051132_L",14.4,NA,95.32,386
"32","BZLZ","BZLZ","17051133_L",10.5,NA,88.33,386
"33","BZLZ","BZLZ","17051134_L",14.8,NA,101.75,386
"34","BZLZ","BZLZ","17051135_L",10.7,NA,87.69,386
"35","BZLZ","BZLZ","17051136_L",13.3,NA,98.58,386
"36","BZLZ","BZLZ","17051201_L",13.2,116.13,93.81,386
"37","BZLZ","BZLZ","17051206_L",34.6,152.07,125.43,386
"38","BZLZ","BZLZ","17051264_L",18.1,NA,107.75,386
"39","BZLZ","BZLZ","17051268_L",18.1,NA,107.75,386
"40","CWLZ","CWLZ","170513013_L",246.3,307.2,253.7,386
"41","CWLZ","CWLZ","170513015_L",142.6,266.6,212.4,386
"42","CWLZ","CWLZ","170513024_R",102.5,235.1,185.2,386
"43","CWLZ","CWLZ","170513025_L",146.7,253.9,208.6,386
"44","CWLZ","CWLZ","170513026_L",105.6,245.9,193.7,386
"45","CWLZ","CWLZ","170513028_L",105.8,238.8,191.1,386
"46","CWLZ","CWLZ","170513029_L",56.6,186.5,147.7,386
"47","CWLZ","CWLZ","170513030_L",54.2,191.6,153.8,386
"48","CWLZ","CWLZ","170513033_L",205.7,277.49,223.82,386
"49","CWLZ","CWLZ","170513034_L",135.3,241.94,197.28,386
"50","CWLZ","CWLZ","170513035_L",108.1,226.23,184.34,386
"51","CWLZ","CWLZ","170513036_L",86.5,214.84,174.13,386
"52","CWLZ","CWLZ","170513038_L",58.7,183.14,142.27,386
"53","CWLZ","CWLZ","170513039_L",62.1,186.83,150.22,386
"54","CWLZ","CWLZ","170513040_L",22.8,131.23,106.9,386
"55","CWLZ","CWLZ","170513049_L",129.7,241.79,192.98,386
"56","CWLZ","CWLZ","170513050_L",123.8,239.28,190.51,386
"57","CWLZ","CWLZ","170513051_L",115,230,184.13,386
"58","CWLZ","CWLZ","170513052_L",123.7,241.08,191.74,386
"59","CWLZ","CWLZ","170513053_L",186.7,273,227.6,386
"60","CWLZ","CWLZ","170513054_L",223.6,296.9,244.9,386
"61","CWLZ","CWLZ","170513055_L",147.2,262.1,209.3,386
"62","CWLZ","CWLZ","170513058_L",83,221.4,171.7,386
"63","CWLZ","CWLZ","170513059_L",72.7,208.7,162.1,386
"64","CWLZ","CWLZ","170513061_L",75,207.2,163.5,386
"65","CWLZ","CWLZ","170513063_R",129.8,242.58,194.06,386
"66","CWLZ","CWLZ","170513065_L",86.6,212.46,166.55,386
"67","CWLZ","CWLZ","170513066_R",95.6,214.13,170.3,386
"68","CWLZ","CWLZ","170513067_L",119.2,252.31,196.08,386
"69","CWLZ","CWLZ","170513068_L",70.2,196.28,157.23,386
"70","CWLZ","CWLZ","170513070_L",99.8,216.24,173.17,386
"71","CWLZ","CWLZ","170513071_L",65.1,189.47,149.79,386
"72","CWLZ","CWLZ","170513073_L",89.2,218.21,170.23,386
"73","CWLZ","CWLZ","170513075_L",78.1,212.38,157.21,386
"74","CWLZ","CWLZ","170513076_L",73.7,195.98,157.7,386
"75","CWLZ","CWLZ","170513078_R",75.3,211.38,156.04,386
"76","CWLZ","CWLZ","170513079_L",71.7,200.58,159.89,386
"77","CWLZ","CWLZ","170513080_L",73.4,204.79,167.34,386
"78","CWLZ","CWLZ","170513084_L",125.9,234.99,185.12,386
"79","CWLZ","CWLZ","170513085_L",81.5,203.37,162.53,386
"80","CWLZ","CWLZ","170513087_L",89.7,209.44,162.1,386
"81","CWLZ","CWLZ","170513088_L",82.9,207.96,165.46,386
"82","CWLZ","CWLZ","170513089_L",66.7,191.52,154.28,386
"83","CWLZ","CWLZ","170513091_L",74.2,194.31,153.31,386
"84","CWLZ","CWLZ","170513093_L",110.5,235.09,185.67,386
"85","CWLZ","CWLZ","170513094_L",86.9,215.05,165.6,386
"86","CWLZ","CWLZ","170513095_L",112.5,234.73,189.56,386
"87","CWLZ","CWLZ","170513098_L",59.4,199.57,154.33,386
"88","CWLZ","CWLZ","170513099_L",60.3,193.01,145.28,386
"89","CWLZ","CWLZ","170513100_L",55.7,186.71,142.5,386
"90","CWLZ","CWLZ","170513103_R",60.1,184.51,148.42,386
"91","CWLZ","CWLZ","170513106_L",63.9,191.68,156.79,386
"92","CWLZ","CWLZ","170513107_L",52.5,191.89,156.79,386
"93","CWLZ","CWLZ","170513108_L",68.4,207.8,169.46,386
"94","CWLZ","CWLZ","170513109_L",72.3,207.47,171.25,386
"95","CWLZ","CWLZ","170513110_L",48.4,199.36,161.7,386
"96","CWLZ","CWLZ","170513112_L",42,164.98,134.97,386
"97","CWLZ","CWLZ","170513113_R",95.1,223.45,174.68,386
"98","CWLZ","CWLZ","170513114_L",87.9,205.41,168.81,386
"99","CWLZ","CWLZ","170513115_L",88.6,207.07,168.14,386
"100","CWLZ","CWLZ","170513116_L",84.1,207.95,170.67,386
"101","CWLZ","CWLZ","170513117_L",110.3,222.42,183.04,386
"102","CWLZ","CWLZ","170513118_L",100.8,225.56,182.83,386
"103","CWLZ","CWLZ","170513120_L",73.9,196.46,158.05,386
"104","CWLZ","CWLZ","170513122_L",43.2,160.16,126.56,386
"105","CWLZ","CWLZ","170513123_L",64.8,192.92,149.69,386
"106","CWLZ","CWLZ","170513125_L",65.7,193.38,152.81,386
"107","CWLZ","CWLZ","170513126_L",42.9,175.45,136.99,386
"108","CWLZ","CWLZ","170513127_L",28.4,144.6,114.67,386
"109","CWLZ","CWLZ","170513128_L",27.1,145.49,117.43,386
"110","CWLZ","CWLZ","170513129_L",26,142.13,111.06,386
"111","CWLZ","CWLZ","170513130_L",28,148.54,116.89,386
"112","CWLZ","CWLZ","170513131_L",30.1,144.89,123.41,386
"113","CWLZ","CWLZ","170513133_L",84.4,218.52,173.92,386
"114","CWLZ","CWLZ","170513134_L",56.2,189,146.79,386
"115","CWLZ","CWLZ","170513136_R",59.6,190.21,146.83,386
"116","CWLZ","CWLZ","170513137_L",44.3,159.91,129.5,386
"117","CWLZ","CWLZ","170513139_L",31.8,149.84,114.59,386
"118","CWLZ","CWLZ","170513140_R",33,156.53,122.01,386
"119","LKZ","LKZ","170517024_L",48.2,175.09,144.94,386
"120","LKZ","LKZ","170517025_R",39.3,163.09,132.25,386
"121","LKZ","LKZ","170517027_L",34.5,153.17,125.1,386
"122","LKZ","LKZ","170517028_R",40.7,162.63,132.17,386
"123","LKZ","LKZ","170517029_R",31.7,155.44,126.54,386
"124","LKZ","LKZ","170517030_L",28.6,149.7,123.35,386
"125","LKZ","LKZ","170517031_R",23.3,146.82,115.73,386
"126","LKZ","LKZ","170517032_R",19.7,130.68,105.76,386
"127","LKZ","LKZ","170517033_R",18.1,126.23,103.34,386
"128","LKZ","LKZ","170517034_L",139.5,250.87,198.51,386
"129","LKZ","LKZ","170517035_L",155.3,261.21,215.63,386
"130","LKZ","LKZ","170517036_L",139,254.28,212.95,386
"131","LKZ","LKZ","170517037_L",91.2,209.76,172.98,386
"132","LKZ","LKZ","170517038_R",72.7,210.15,170.35,386
"133","LKZ","LKZ","170517039_L",61.7,188.78,150.25,386
"134","LKZ","LKZ","170517040_L",27.6,138.57,111.29,386
"135","LKZ","LKZ","170517041_L",28,147.83,115.99,386
"136","LKZ","LKZ","170517042_L",19.5,130.7,111.05,386
"137","LKZ","LKZ","170517043_L",19.7,130.34,104.92,386
"138","LKZ","LKZ","170517044_L",29.6,143.44,117.76,386
"139","LKZ","LKZ","170517045_L",20.9,125.44,105.81,386
"140","LKZ","LKZ","170517046_L",21.1,130.86,100.66,386
"141","LKZ","LKZ","170517047_R",19.4,132.24,102.73,386
"142","LKZ","LKZ","170517048_L",21,119.97,105.81,386
"143","LKZ","LKZ","170517049_L",20.8,128.05,105.1,386
"144","LKZ","LKZ","170517050_R",25.5,133.04,112.02,386
"145","LKZ","LKZ","170517051_L",22.1,137.29,114.48,386
"146","LKZ","LKZ","170517052_L",18.7,132.9,110.44,386
"147","LKZ","LKZ","170517053_L",18.1,127.27,103.54,386
"148","LKZ","LKZ","170517054_L",90.8,220.65,182.23,386
"149","LKZ","LKZ","170517055_R",37.6,159.67,131.29,386
"150","LKZ","LKZ","170517056_L",32.6,155.01,129.36,386
"151","LKZ","LKZ","170517057_L",35.3,166.63,131.07,386
"152","LKZ","LKZ","170517058_L",29.7,151.67,121.68,386
"153","LKZ","LKZ","170517059_L",18.8,128.19,104.45,386
"154","LKZ","LKZ","170517060_L",17.6,126.62,102.1,386
"155","LKZ","LKZ","170517061_L",23.1,129.58,106.35,386
"156","LKZ","LKZ","170517062_L",62.7,191.47,156.56,386
"157","LKZ","LKZ","170517063_L",33.1,156.01,120.23,386
"158","LKZ","LKZ","170517064_L",26.6,139.94,110.87,386
"159","LKZ","LKZ","170517065_L",52.2,174.54,140.34,386
"160","LKZ","LKZ","170517066_L",43,169.79,132.45,386
"161","LKZ","LKZ","170517067_L",42.7,157.29,128.88,386
"162","LKZ","LKZ","170517068_L",23.9,132.09,107.85,386
"163","LKZ","LKZ","170517069_L",28.3,139.38,115.35,386
"164","LKZ","LKZ","170517070_L",20.4,120.49,97.24,386
"165","LKZ","LKZ","170517071_L",26.1,132.17,105.28,386
"166","LKZ","LKZ","170517072_R",19.3,116.63,90.5,386
"167","LKZ","LKZ","170517073_L",22.6,130.65,101.8,386
"168","LKZ","LKZ","170517074_L",42.8,148.36,123.14,386
"169","LKZ","LKZ","170517075_L",32,139.4,114.37,386
"170","LKZ","LKZ","170517076_L",19.7,119.88,95.27,386
"171","LKZ","LKZ","170517077_L",21,125.1,97.96,386
"172","LKZ","LKZ","170517078_L",14.6,105.68,83.27,386
"173","LKZ","LKZ","170517079_R",14.6,112.48,94.1,386
"174","LKZ","LKZ","170517080_L",17.8,117.18,101.95,386
"175","LKZ","LKZ","170517081_R",20.4,128.5,105.38,386
"176","LKZ","LKZ","170517082_L",20.7,128.9,106.91,386
"177","LKZ","LKZ","170517083_R",20.1,125.2,104.43,386
"178","LKZ","LKZ","170517084_L",21.6,124.28,106.24,386
"179","LKZ","LKZ","170517085_L",19.4,131.69,106.12,386
"180","LKZ","LKZ","170517086_L",19.1,112.12,90.3,386
"181","LKZ","LKZ","170517087_L",20.5,121.57,96.65,386
"182","LKZ","LKZ","170517088_R",12,105.28,80.43,386
"183","LKZ","LKZ","170517089_L",16.9,111.88,93.55,386
"184","LKZ","LKZ","170517090_R",19.2,116.11,91.28,386
"185","LKZ","LKZ","170517092_L",18.8,113.45,94.61,386
"186","LKZ","LKZ","170517093_L",17.1,105.86,92.51,386
"187","LKZ","LKZ","170517094_L",21.7,115.61,98.71,386
"188","LKZ","LKZ","170517095_R",21.2,126.77,101.08,386
"189","LKZ","LKZ","170517096_L",26.5,142.65,108.04,386
"190","LKZ","LKZ","20170914001_L",185.1,276.04,228.29,386
"191","LKZ","LKZ","20170914002_L",129.3,240.98,199.89,386
"192","LKZ","LKZ","20170914003_L",91,214.51,177.6,386
"193","LKZ","LKZ","20170914004_L",70.5,203.89,162.83,386
"194","LKZ","LKZ","20170914005_L",74.4,203.19,166.52,386
"195","LKZ","LKZ","20170914006_L",58.9,194.41,158.05,386
"196","LKZ","LKZ","20170914007_L",83.2,207.44,170.55,386
"197","LKZ","LKZ","20170914008_L",48.1,175.72,143.74,386
"198","LKZ","LKZ","20170914009_L",36.6,162.74,131.32,386
"199","LKZ","LKZ","20170916001_L",190.1,289.32,227.72,386
"200","LKZ","LKZ","20170916002_L",111,227.84,187.64,386
"201","LKZ","LKZ","20170916003_R",114.6,243.77,192.95,386
"202","LKZ","LKZ","20170916004_L",69.7,198.09,162.64,386
"203","LKZ","LKZ","20170916005_L",61.3,192.93,150.97,386
"204","LKZ","LKZ","20170916006_L",46.5,178.69,143.28,386
"205","LKZ","LKZ","20170916007_L",4.5,80.7,64.48,386
"206","MKZ","MKZ","20170913007_R",315.3,385.2,267.32,386
"207","MKZ","MKZ","20170913008_L",188,291.68,235.49,386
"208","MKZ","MKZ","20170913009_L",94.4,231,189.48,386
"209","MKZ","MKZ","20170913010_L",84.2,223.92,178.2,386
"210","MKZ","MKZ","20170913011_L",87.4,217.37,179.88,386
"211","MKZ","MKZ","20170913012_L",104.1,221.7,174.51,386
"212","MKZ","MKZ","20170913013_L",104.9,225.93,191.44,386
"213","MKZ","MKZ","20170913014_L",68.4,204.48,163.43,386
"214","MKZ","MKZ","20170913015_L",67.4,205.59,163.39,386
"215","MKZ","MKZ","20170913016_L",54.3,181.75,150.03,386
"216","MKZ","MKZ","20170913017_L",51.4,180.5,149.94,386
"217","MKZ","MKZ","20170913018_L",47.1,179.16,146.53,386
"218","MKZ","MKZ","20170913019_L",54.8,187.22,151.4,386
"219","MKZ","MKZ","20170913020_L",47.2,181.13,144.17,386
"220","MKZ","MKZ","20170913021_L",42.4,178.52,141.32,386
"221","MKZ","MKZ","20170913022_L",45.5,173.86,136.5,386
"222","MKZ","MKZ","20170913023_R",48.8,175.33,138.99,386
"223","MKZ","MKZ","20170913024_L",51.5,184.33,145.29,386
"224","MKZ","MKZ","20170913025_L",38.9,171.2,135.26,386
"225","MKZ","MKZ","20170913026_L",46,174.61,141.14,386
"226","MKZ","MKZ","20170913027_L",40.8,174.78,136.74,386
"227","MKZ","MKZ","20170913028_R",42.5,175.65,143.44,386
"228","MKZ","MKZ","20170913029_L",47.9,174.82,139.95,386
"229","MKZ","MKZ","20170913030_L",46.4,170.07,138.18,386
"230","MKZ","MKZ","20170913031_L",42.1,173.57,137.82,386
"231","MKZ","MKZ","20170913032_L",36.7,169.07,135.18,386
"232","MKZ","MKZ","20170913033_R",33.7,161.21,130.62,386
"233","MKZ","MKZ","20170913034_L",33.6,159.58,129.64,386
"234","MKZ","MKZ","20170913035_L",28.9,152.12,120.46,386
"235","MKZ","MKZ","20170913036_L",22,135.99,108.95,386
"236","MKZ","MKZ","20170913037_L",27.2,140.92,114.41,386
"237","MKZ","MKZ","20170913038_L",23.6,133.4,109.64,386
"238","MKZ","MKZ","20170913039_L",14.5,114.44,91.35,386
"239","MKZ","MKZ","20170913040_L",18.1,126.19,101.35,386
"240","MKZ","MKZ","20170913041_L",15.1,116.27,91.95,386
"241","MKZ","MKZ","20170913043_L",9.9,106.18,84.19,386
"242","MKZ","MKZ","20170913044_L",10.1,101.63,81.97,386
"243","MKZ","MKZ","20170913045_L",9.3,99.37,82.75,386
"244","MKZ","MKZ","20170913046_L",11.1,104.8,85,386
"245","MKZ","MKZ","20170913047_L",9.6,101.89,81.97,386
"246","MKZ","MKZ","20170913048_L",10.8,104.18,85.1,386
"247","MKZ","MKZ","20170913049_L",10.5,101.84,79.19,386
"248","MKZ","MKZ","20170913050_L",11.8,103.12,84.93,386
"249","MKZ","MKZ","20170913051_L",11.3,106.58,84.43,386
"250","MKZ","MKZ","20170913052_L",11.1,106.27,85.78,386
"251","MKZ","MKZ","20170913053_L",10.5,98.92,81.48,386
"252","MKZ","MKZ","20170913054_L",7.1,88.55,70.25,386
"253","MKZ","MKZ","20170913055_L",8.1,93.17,76.66,386
"254","MKZ","MKZ","20170913057_L",10.7,100.61,80.08,386
"255","MKZ","MKZ","20170913058_L",9.6,97.37,79.35,386
"256","MKZ","MKZ","20170913059_L",7.8,95.28,75.03,386
"257","MKZ","MKZ","20170913060_L",7.9,92.39,73.32,386
"258","MKZ","MKZ","20170913061_L",8.3,89.97,72.2,386
"259","MKZ","MKZ","20170913062_L",11.5,105.92,86.36,386
"260","MKZ","MKZ","20170913063_L",11.5,111.88,87.6,386
"261","MKZ","MKZ","20170913064_L",12.9,104.25,80.04,386
"262","MKZ","MKZ","20170913065_L",8.9,96.69,78.49,386
"263","MKZ","MKZ","20170913066_L",8.7,96.29,75.13,386
"264","MKZ","MKZ","20170913067_L",9.7,97.35,78.05,386
"265","MKZ","MKZ","20170913068_L",5.1,84.75,66.05,386
"266","MKZ","MKZ","20170913069_L",5.5,88.89,70.27,386
"267","MKZ","MKZ","20170913070_L",6.9,90.47,72.81,386
"268","MKZ","MKZ","20170913071_L",6.9,93.24,73.4,386
"269","MKZ","MKZ","20170913072_L",7.9,93.4,75.01,386
"270","MKZ","MKZ","20170913073_L",5.9,83.94,67.5,386
"271","MKZ","MKZ","20170913074_L",9.5,98.69,80.36,386
"272","MKZ","MKZ","20170913077_L",7.5,94.44,77.3,386
"273","MKZ","MKZ","20170913078_L",5.7,86.98,68.77,386
"274","MKZ","MKZ","20170913079_L",7.2,85.87,71.26,386
"275","MKZ","MKZ","20170913080_L",4.5,76.27,59.33,386
"276","MKZ","MKZ","20170913081_L",3.8,71.17,57.9,386
"277","MKZ","MKZ","20170913082_L",3.7,73.05,57.68,386
"278","MKZ","MKZ","20170913083_L",3.5,71.32,56.38,386
"279","MKZ","MKZ","20170913084_L",4.2,74.04,62.66,386
"280","MKZ","MKZ","20170913085_L",4.8,81.82,65.58,386
"281","MKZ","MKZ","20170913086_L",4.1,73.84,58.74,386
"282","MKZ","MKZ","20170913087_L",3.4,72.08,56.05,386
"283","MKZ","MKZ","20170917002_L",203.4,289.6,237.49,386
"284","MKZ","MKZ","20170917003_L",184.5,286.35,231.64,386
"285","MKZ","MKZ","20170917004_L",80.8,215.04,172.97,386
"286","MKZ","MKZ","20170917005_L",59.4,201.94,163.89,386
"287","MKZ","MKZ","20170917006_L",58.3,191.24,155.55,386
"288","MKZ","MKZ","20170917007_L",52.2,182.42,146.99,386
"289","MKZ","MKZ","20170917008_L",51.4,182.91,144.34,386
"290","MKZ","MKZ","20170917009_L",52.3,193.76,157.02,386
"291","MKZ","MKZ","20170917010_L",65.8,195.67,157.57,386
"292","MKZ","MKZ","20170917011_L",55.7,186.49,153.37,386
"293","MKZ","MKZ","20170917012_L",60.1,187.38,154.59,386
"294","MKZ","MKZ","20170917013_L",77.6,215.63,175.32,386
"295","MKZ","MKZ","20170917014_L",48,190.64,151.03,386
"296","MKZ","MKZ","20170917015_L",55.4,189.87,153.39,386
"297","MKZ","MKZ","20170917016_L",35.7,171.65,133.87,386
"298","MKZ","MKZ","20170917017_L",43.1,184.77,149.29,386
"299","MKZ","MKZ","20170917018_L",44,178.12,146.16,386
"300","MKZ","MKZ","20170917020_L",26.3,153.86,119.83,386
"301","MKZ","MKZ","20170917021_L",29.3,149.82,121.95,386
"302","MKZ","MKZ","20170917023_L",13.3,115.26,94.48,386
"303","MKZ","MKZ","20170917024_L",12.3,110.05,89.62,386
"304","MKZ","MKZ","20170917025_L",11.1,105.73,86.47,386
"305","MKZ","MKZ","20170917026_L",11.8,107.63,86.54,386
"306","MKZ","MKZ","20170917027_L",14.2,115.7,93.8,386
"307","MKZ","MKZ","20170917028_L",10.7,105.33,85.72,386
"308","MKZ","MKZ","20170917029_L",10.6,105.69,85.14,386
"309","MKZ","MKZ","20170917031_L",9.4,103.68,83.75,386
"310","MKZ","MKZ","20170917032_L",10.7,105.33,85.72,386
"311","MKZ","MKZ","20170917033_L",8.8,103.56,83.32,386
"312","MKZ","MKZ","20170917034_L",12.3,109.04,87.02,386
"313","MKZ","MKZ","20170917035_L",11.1,106.39,87.03,386
"314","MKZ","MKZ","20170917036_L",8.3,95.62,78.26,386
"315","MKZ","MKZ","20170917037_L",8.2,98.5,76.7,386
"316","MKZ","MKZ","20170917038_L",11.3,111.29,86.93,386
"317","MKZ","MKZ","20170917039_L",7.6,97.88,78.75,386
"318","MKZ","MKZ","20170917040_L",7.7,94.11,75.19,386
"319","MKZ","MKZ","20170917041_L",7.8,100.78,79.48,386
"320","MKZ","MKZ","20170917042_L",7.6,95.68,77.82,386
"321","MKZ","MKZ","20170917043_L",10.6,101.57,83.4,386
"322","MKZ","MKZ","20170917044_L",7.7,97.33,78.62,386
"323","MKZ","MKZ","20170917045_L",7.3,93.42,74.73,386
"324","MKZ","MKZ","20170917046_L",8.3,98.97,77.59,386
"325","MKZ","MKZ","20170917048_L",7.1,92.15,73.99,386
"326","MKZ","MKZ","20170917049_L",6.6,89.85,71.83,386
"327","MKZ","MKZ","20170917050_L",4.5,82.37,65.03,386
"328","MKZ","MKZ","20170917051_L",5.3,84.43,65.64,386
"329","MKZ","MKZ","20170917053_L",5.7,90.19,69.97,386
"330","MKZ","MKZ","20170917054_L",4.9,80.79,65.44,386
"331","MKZ","MKZ","20170917055_L",4.2,77.05,63.02,386
"332","MKZ","MKZ","20170917056_L",3.8,76.49,60.5,386
"333","MKZ","MKZ","20170917057_L",3.3,76.54,60.84,386
"334","MKZ","MKZ","20170917058_L",2.2,66.71,51.56,386
"335","MKZ","MKZ","20170917059_L",5.3,87.41,69.46,386
"336","MKZ","MKZ","20170917061_L",6.8,92.42,73.04,386
"337","MKZ","MKZ","20170917062_L",7,91.39,73.25,386
"338","MKZ","MKZ","20170917063_L",4.8,78.29,63.12,386
"339","MKZ","MKZ","20170917064_L",4.4,78.4,61.38,386
"340","MKZ","MKZ","20170917065_L",5,83.02,66.16,386
"341","MKZ","MKZ","20170917066_L",4.3,79.42,62.75,386
"342","MKZ","MKZ","20170917067_L",4.2,77.06,61.32,386
"343","MKZ","MKZ","20170917068_L",3.6,72.01,55.99,386
"344","SPZ","SPZ","17050901_L",266.1,274.06,247.75,386
"345","SPZ","SPZ","17050902_L",208.7,293.1,240.8,386
"346","SPZ","SPZ","17050903_L",190.3,271.87,227.33,386
"347","SPZ","SPZ","17050904_L",38.2,169.37,135.86,386
"348","SPZ","SPZ","17050905_L",27,136.79,114.36,386
"349","SPZ","SPZ","17050906_L",13.8,113.3,92.51,386
"350","SPZ","SPZ","170509020_L",266.1,274.06,247.75,386
"351","SPZ","SPZ","170509021_L",208.7,293.1,240.8,386
"352","SPZ","SPZ","170509022_L",190.3,271.87,227.33,386
"353","SPZ","SPZ","170509023_L",38.2,169.37,135.86,386
"354","SPZ","SPZ","170509024_L",27,136.79,114.36,386
"355","SPZ","SPZ","170509025_L",13.8,113.3,92.51,386
"356","TTZ","TTZ","170806001_L",454.8,377.61,307.61,386
"357","TTZ","TTZ","170806002_L",142,246.08,203.16,386
"358","TTZ","TTZ","170806003_L",161,262.12,213.38,386
"359","TTZ","TTZ","170806004_L",85.9,209.79,173.85,386
"360","TTZ","TTZ","170806005_L",72.5,206.18,165.1,386
"361","TTZ","TTZ","170806006_L",62.5,180.74,146.33,386
"362","TTZ","TTZ","170806007_L",72.4,201.42,167.06,386
"363","TTZ","TTZ","170806008_L",43.4,165.56,133.9,386
"364","TTZ","TTZ","170806009_L",45.8,170.18,141.76,386
"365","TTZ","TTZ","170806010_L",39.7,160.57,127.35,386
"366","TTZ","TTZ","170806011_L",25.8,141.21,114.88,386
"367","TTZ","TTZ","170806121_L",39.7,178.03,140.58,386
"368","TTZ","TTZ","170806122_L",16.1,125.5,103.85,386
"369","TTZ","TTZ","170806123_L",30.2,152.64,127.34,386
"370","TTZ","TTZ","170806124_L",25.9,146.11,117.93,386
"371","TTZ","TTZ","170806125_L",26.7,148.59,121.16,386
"372","TTZ","TTZ","170806126_L",27.3,147.69,117.86,386
"373","TTZ","TTZ","170806127_L",17.3,125.37,99.92,386
"374","TTZ","TTZ","170806128_L",14.2,120.92,98.96,386
"375","TTZ","TTZ","170806129_L",13.5,126.5,99.27,386
"376","TTZ","TTZ","170806130_L",9.1,103.4,82.84,386
"377","TTZ","TTZ","170806131_L",15.2,127.59,96.49,386
"378","TTZ","TTZ","170806132_L",11.6,113.09,89.04,386
"379","TTZ","TTZ","170806133_L",6.1,87.72,71.33,386
"380","TTZ","TTZ","170806134_L",5,85.93,69.43,386
"381","TTZ","TTZ","170806135_L",9.4,105.48,85.44,386
"382","TTZ","TTZ","170806136_L",7.8,100.5,81.82,386
"383","TTZ","TTZ","170806137_L",11,113.92,89.91,386
"384","TTZ","TTZ","170806138_L",5.8,83.82,69.02,386
"385","TTZ","TTZ","170806139_L",6.7,79.09,73.85,386
"386","TTZ","TTZ","170806140_L",8.7,97.01,78.84,386
"387","TTZ","TTZ","170806141_L",7.9,97.42,78.4,386
"388","TTZ","TTZ","170806142_L",7.9,101.93,81.88,386
"389","TTZ","TTZ","170806143_L",8.9,105.53,86.17,386
"390","TTZ","TTZ","170806144_L",4.9,87.76,70.67,386
"391","TTZ","TTZ","170806145_L",7.2,99.27,79.11,386
"392","TTZ","TTZ","170806146_L",6,92.93,74.22,386
"393","TTZ","TTZ","170806147_L",4.2,81.95,65.03,386
"394","TTZ","TTZ","170806148_L",12.8,119.37,95.46,386
"395","TTZ","TTZ","170806149_L",4.4,83.02,68.78,386
"396","TTZ","TTZ","170806150_L",4.6,82.19,66.96,386
"397","TTZ","TTZ","170806151_L",4.9,85.4,68.92,386
"398","TTZ","TTZ","170806152_L",4.1,81.81,67.71,386
"399","TTZ","TTZ","170806153_L",6.1,91.08,70.84,386
"400","TTZ","TTZ","170806154_L",4,78.16,63.62,386
"401","TTZ","TTZ","170806155_L",3.4,71.67,60.39,386
"402","TTZ","TTZ","170806156_R",3.7,80.96,64.73,386
"403","TTZ","TTZ","170806157_L",5,90.02,70.22,386
"404","TTZ","TTZ","170806159_R",4.6,83.53,66.3,386
"405","TTZ","TTZ","170806160_L",5.1,84.56,67.44,386
"406","TTZ","TTZ","170806161_L",3.9,77.74,62.04,386
"407","TTZ","TTZ","170806162_L",5.7,92.56,73.02,386
"408","TTZ","TTZ","170806163_L",5.9,96.01,75.5,386
"409","TTZ","TTZ","170806164_L",4.4,81.64,64.34,386
"410","TTZ","TTZ","170806165_L",4.4,85.13,67.03,386
"411","TTZ","TTZ","170806166_L",4.8,82.78,66.62,386
"412","TTZ","TTZ","170806167_L",5.1,81.74,61.66,386
"413","TTZ","TTZ","170806168_L",6.8,95.8,75.57,386
"414","TTZ","TTZ","170806238_L",7.1,99.39,78.74,386
"415","TTZ","TTZ","170806239_L",5.6,87.85,70.9,386
"416","TTZ","TTZ","170807005_L",5,79.95,63.81,386
"417","TTZ","TTZ","170807006_L",6.9,91.42,74.17,386
"418","TTZ","TTZ","170807007_L",6.2,87.19,70.05,386
"419","TTZ","TTZ","170807008_L",6.6,88.96,73.27,386
"420","TTZ","TTZ","170807009_R",7.3,92.47,73.52,386
"421","TTZ","TTZ","170811101_L",6.124,98.92,77.29,386
"422","TTZ","TTZ","170811102_L",3.71,81.83,65.09,386
"423","TTZ","TTZ","170811103_L",3.904,83.97,66.68,386
"424","TTZ","TTZ","170811104_L",4.266,86.8,66.76,386
"425","TTZ","TTZ","170811105_L",4.128,84.47,66.95,386
"426","TTZ","TTZ","170811106_L",4.535,92.57,71.58,386
"427","TTZ","TTZ","170811107_L",3.131,79.04,63.23,386
"428","ZYZ","ZYZ","170811001_L",819.9,455,375,386
"429","ZYZ","ZYZ","170811002_L",173.6,308.5,259.86,386
"430","ZYZ","ZYZ","170811003_L",212.3,305.67,246.4,386
"431","ZYZ","ZYZ","170811004_L",184.9,268.01,219.95,386
"432","ZYZ","ZYZ","170811005_L",92.1,216.22,178.66,386
"433","ZYZ","ZYZ","170811006_L",104.7,234.52,190.78,386
"434","ZYZ","ZYZ","170811007_L",103.9,234.12,195.42,386
"435","ZYZ","ZYZ","170811008_L",85.1,214.86,177.94,386
"436","ZYZ","ZYZ","170811009_L",69.4,201.19,165.28,386
"437","ZYZ","ZYZ","170811010_L",82.1,213.81,174.97,386
"438","ZYZ","ZYZ","170811011_L",74,204.08,168.49,386
"439","ZYZ","ZYZ","170811012_L",66.9,198.39,167.05,386
"440","ZYZ","ZYZ","170811013_L",56.3,188.65,155.78,386
"441","ZYZ","ZYZ","170811014_L",44,185.32,141.75,386
"442","ZYZ","ZYZ","170811015_L",54.5,183.36,146.82,386
"443","ZYZ","ZYZ","170811016_L",52.1,183.36,146.82,386
"444","ZYZ","ZYZ","170811017_L",47.4,175.18,142.31,386
"445","ZYZ","ZYZ","170811018_L",43.3,168.07,143.16,386
"446","ZYZ","ZYZ","170811019_L",35,156.9,129.49,386
"447","ZYZ","ZYZ","170811020_L",46,177.5,146.73,386
"448","ZYZ","ZYZ","170811021_L",67.3,193.87,164.16,386
"449","ZYZ","ZYZ","170811022_L",50,183.87,144.02,386
"450","ZYZ","ZYZ","170811023_L",34,162.34,129.48,386
"451","ZYZ","ZYZ","170811024_L",33.7,166.79,133.14,386
"452","ZYZ","ZYZ","170811025_L",35.3,164.9,130.68,386
"453","ZYZ","ZYZ","170811026_L",39.4,163.65,138.87,386
"454","ZYZ","ZYZ","170811027_L",20.8,135.74,108.95,386
"455","ZYZ","ZYZ","170811028_R",24.1,141.65,118.76,386
"456","ZYZ","ZYZ","170811029_L",36.8,169.37,137.33,386
"457","ZYZ","ZYZ","170811030_L",39.4,166.22,137.15,386
"458","ZYZ","ZYZ","170811031_L",27.7,142.8,117.13,386
"459","ZYZ","ZYZ","170811032_L",24.3,141.85,115.65,386
"460","ZYZ","ZYZ","170811033_L",32.6,151.85,120.09,386
"461","ZYZ","ZYZ","170811034_L",29.5,148.59,122.02,386
"462","ZYZ","ZYZ","170811036_L",30.8,152.48,116.98,386
"463","ZYZ","ZYZ","170811037_L",28.9,154.71,123.15,386
"464","ZYZ","ZYZ","170811038_L",32.2,160.56,127.4,386
"465","ZYZ","ZYZ","170811039_L",28.5,153.52,118.55,386
"466","ZYZ","ZYZ","170811040_R",24.7,140.33,111.5,386
"467","ZYZ","ZYZ","170811041_L",30.3,158.43,128.12,386
"468","ZYZ","ZYZ","170811042_L",19.5,133.14,102.49,386
"469","ZYZ","ZYZ","170811043_L",25.9,136.79,112.57,386
"470","ZYZ","ZYZ","170811044_L",19.3,133.36,105.12,386
"471","ZYZ","ZYZ","170811045_R",19.9,130.32,106.08,386
"472","ZYZ","ZYZ","170811046_L",15.4,119.66,94.31,386
"473","ZYZ","ZYZ","170811047_L",18.7,132.95,106.26,386
"474","ZYZ","ZYZ","170811048_L",20.1,131.29,106.31,386
"475","ZYZ","ZYZ","170811049_L",20.7,140.8,109.67,386
"476","ZYZ","ZYZ","170811050_L",19,126.62,105.12,386
"477","ZYZ","ZYZ","170811051_L",21.5,132.27,105.14,386
"478","ZYZ","ZYZ","170811052_L",13.9,113.62,94.52,386
"479","ZYZ","ZYZ","170811053_L",17.5,118.9,99.28,386
"480","ZYZ","ZYZ","170811054_L",16.6,122.5,100.78,386
"481","ZYZ","ZYZ","170811055_L",13.6,109.21,90.89,386
"482","ZYZ","ZYZ","170811056_L",18.2,125.16,103.54,386
"483","ZYZ","ZYZ","170811057_L",18.3,129.87,104.16,386
"484","ZYZ","ZYZ","170811058_L",13.4,107.77,96.01,386
"485","ZYZ","ZYZ","170811059_L",12.4,113.21,92.77,386
"486","ZYZ","ZYZ","170811060_L",16.4,126.51,103.8,386
"487","ZYZ","ZYZ","170811061_L",13.6,114.47,94.47,386
"488","ZYZ","ZYZ","170811062_L",13.4,111.13,90.9,386
"489","ZYZ","ZYZ","170811063_L",13.4,118.51,96.79,386
"490","ZYZ","ZYZ","170811064_L",15.5,118.44,100.61,386
"491","ZYZ","ZYZ","170811065_L",16.9,114.08,94.04,386
"492","ZYZ","ZYZ","170811066_L",12.4,116.29,92.78,386
"493","ZYZ","ZYZ","170811067_L",15.7,129.34,102.71,386
