Country,Iso2c,Records,GDP_per_capita_1,GDP_per_capita,Population_1,Population,TLCS,TGCS
USA,US,975,45029.14457,4.5,288994497,2.88,4215,36699
Peoples R China,CN,513,2945.438841,2.95,1276308703,12.76,928,6359
UK,GB,257,36112.13729,3.61,60458262,0.6,874,8596
Germany,DE,248,39003.73434,3.9,81627653,0.82,565,5109
Spain,ES,248,28067.40891,2.8,42809632,0.43,601,6170
France,FR,215,38254.23347,3.83,62411148,0.62,647,6090
Canada,CA,207,43826.10182,4.38,31837059,0.32,781,7189
Australia,AU,170,45853.02453,4.59,20178903,0.2,327,3917
Brazil,BR,139,9591.587651,0.96,180812509,1.81,199,2815
Belgium,BE,100,40400.57553,4.04,10519405,0.11,689,3147
Italy,IT,100,34756.82016,3.48,58051609,0.58,142,2058
Switzerland,CH,93,69163.76581,6.92,7434684,0.07,301,2166
India,IN,92,994.8812509,0.1,1104088507,11.04,150,1015
Netherlands,NL,76,45497.61895,4.55,16087132,0.16,278,3271
South Africa,ZA,54,6447.072693,0.64,47255675,0.47,155,1048
Iran,IR,49,5322.764824,0.53,68380140,0.68,63,434
Argentina,AR,47,8697.415304,0.87,38313441,0.38,98,1044
Japan,JP,46,42921.51374,4.29,126685574,1.27,45,651
Sweden,SE,39,46162.68519,4.62,9087148,0.09,73,1655
Russia,RU,38,8707.100617,0.87,145484067,1.45,52,568
Austria,AT,36,42555.57802,4.26,8163565,0.08,38,384
Turkey,TR,35,9442.034806,0.94,66120284,0.66,57,475
New Zealand,NZ,34,30898.98473,3.09,4025007,0.04,43,634
Mexico,MX,33,8546.963018,0.85,106263580,1.06,85,647
Czech Republic,CZ,32,16764.22503,1.68,10348882,0.1,55,172
Denmark,DK,32,54864.22462,5.49,5401958,0.05,86,1512
Israel,IL,30,27539.05479,2.75,6659896,0.07,36,451
Norway,NO,29,81073.35889,8.11,4639671,0.05,66,756
Ethiopia,ET,24,267.5014013,0.003,73555374,0.74,34,282
Kenya,KE,24,917.4398043,0.009,34831975,0.35,37,420
South Korea,KR,23,17136.92746,1.71,47519157,0.48,39,271
Nigeria,NG,23,1761.066594,0.18,135188798,1.35,56,243
Poland,PL,21,9734.110934,0.97,38256430,0.38,5,139
Vietnam,VN,19,969.0860564,0.09,82301246,0.82,36,253
Iceland,IS,16,38522.59257,3.85,293363,0.003,16,329
Finland,FI,15,40723.31451,4.07,5236606,0.05,5,212
Portugal,PT,14,20650.40975,2.07,10308392,0.1,23,664
Lithuania,LT,13,10477.43394,1.05,3351415,0.03,43,463
Singapore,SG,13,37337.94491,3.73,4307876,0.04,36,139
Chile,CL,12,10650.3899,1.07,15724397,0.16,11,146
Ireland,IE,12,43502.8589,4.35,4074981,0.04,10,177
Laos,LA,11,872.3435335,0.09,5573823,0.06,64,294
Malaysia,MY,11,7707.222333,0.77,24621140,0.23,11,77
Pakistan,PK,11,930.7932908,0.09,148591881,1.49,6,68
Hungary,HU,10,11664.94174,1.17,10134445,0.1,1,43
Uruguay,UY,10,9875.396956,0.99,3308063,0.03,9,248
Indonesia,ID,8,2612.0618,0.26,221073385,2.21,7,128
Romania,RO,8,6608.634212,0.66,21511874,0.22,1,27
Thailand,TH,8,4156.384847,0.42,63741659,0.64,26,105
Zimbabwe,ZW,8,1032.4733,0.1,12839983,0.13,21,484
Ecuador,EC,7,4289.837466,0.43,13302575,0.13,9,78
Egypt,EG,7,2101.670121,0.21,74839284,0.75,3,18
Greece,GR,7,23692.3199,2.37,10800666,0.11,4,380
Nepal,NP,7,501.668093,0.05,24462890,0.24,4,32
Tunisia,TN,7,3300.625241,0.33,9918826,0.1,3,79
Jordan,JO,6,3091.933946,0.31,5932913,0.06,8,56
Morocco,MA,6,2341.313151,0.23,29946631,0.3,8,66
Malawi,MW,6,398.0272221,0.04,12818834,0.13,4,114
Slovakia,SK,6,13139.29497,1.31,5375726,0.05,1,84
Burkina Faso,BF,5,487.3572167,0.05,13053546,0.13,3,97
Cameroon,CM,5,1248.870157,0.12,16933691,0.17,2,29
Niger,NE,5,347.8398564,0.03,13250136,0.13,4,67
Tanzania,TZ,5,597.0172482,0.06,38523886,0.39,12,52
Venezuela,VE,5,12737.9957,1.27,25821463,0.26,21,92
Bulgaria,BG,4,5340.933046,0.53,7868547,0.08,0,2
Colombia,CO,4,5512.563364,0.55,41919779,0.42,3,126
Ghana,GH,4,1139.244092,0.11,20858106,0.21,4,20
Sri Lanka,LK,4,2193.120588,0.22,19252014.07,0.2,2,42
Philippines,PH,4,1853.880022,0.19,82716822,0.83,0,15
Serbia,RS,4,4575.862124,0.46,7435104,0.07,0,14
Slovenia,SI,4,21064.78556,2.11,2013637,0.002,0,58
Bangladesh,BD,3,615.9245818,0.06,136890951,1.37,1,34
Byelarus,BY,3,4114.465158,0.41,9820621,0.1,0,51
Costa Rica,CR,3,6971.09606,0.7,4065688,0.04,2,58
Croatia,HR,3,12343.05584,1.23,4446095,0.04,1,29
Lebanon,LB,3,6945.341804,0.7,3863242,0.04,1,3
Peru,PE,3,4004.308828,0.4,26895781,0.27,7,40
Ukraine,UA,3,2662.21525,0.27,48342766,0.48,6,36
Uzbekistan,UZ,3,1103.12366,0.11,25852066,0.26,1,16
Mali,ML,2,615.5898292,0.06,12493853,0.12,6,30
New Caledonia,NC,2,NA,NA,223939,0.002,0,1
Saudi Arabia,SA,2,19288.67359,1.93,23322095,0.23,0,10
Senegal,SN,2,919.6891077,0.09,10985014,0.11,6,26
Syria,SY,2,NA,NA,17178531,0.17,4,21
Togo,TG,2,503.0191088,0.05,5488508,0.05,4,21
Uganda,UG,2,475.2065186,0.05,27704453,0.28,0,38
Armenia,AM,1,2308.580917,0.23,3072882,0.03,5,6
Burundi,BI,1,248.046003,0.02,7398549,0.07,0,1
Benin,BJ,1,712.6673402,0.07,7668311,0.08,2,30
Bolivia,BO,1,1769.969314,0.18,8826811,0.09,0,0
Cuba,CU,1,4324.424708,0.43,11152507,0.11,0,12
Algeria,DZ,1,3944.572642,0.4,32786335,0.33,2,64
Estonia,EE,1,13523.571,1.35,1389086,0.01,0,16
Fiji,FJ,1,3480.112095,0.35,818573,0.008,0,2
Gabon,GA,1,10084.0118,1,1384343,0.01,0,4
Rep of Georgia,GE,1,2310.667909,0.23,4288692,0.04,2,9
Gambia,GM,1,522.1886322,0.05,1401537,0.01,2,11
Guatemala,GT,1,2620.163326,0.26,12660482,0.13,0,15
Guadeloupe,GU,1,30372.60035,3.04,153241,0.002,1,41
Iraq,IQ,1,3832.443739,0.38,26088453,0.26,0,4
Jamaica,JM,1,4762.116374,0.48,2687694,0.03,0,2
Kazakhstan,KZ,1,6806.307109,0.68,15924137,0.16,1,8
Luxembourg,LU,1,92731.77416,9.27,463125,0.005,0,6
Latvia,LV,1,10204.70731,1.02,2291305,0.02,0,0
Libya,LY,1,9820.98202,0.98,5546896,0.06,0,6
Moldova,MD,1,1416.342143,0.14,3618567,0.04,0,10
Madagascar,MG,1,422.0977035,0.04,17607958,0.18,0,3
Myanmar,MM,1,617.5284797,0.06,47113036,0.47,0,2
Mozambique,MZ,1,318.7120202,0.03,20236086,0.2,0,11
Paraguay,PY,1,2986.403477,0.3,5543548,0.06,2,64
Rwanda,RW,1,447.8656595,0.04,8657179,0.09,1,18
Sierra Leone,SL,1,376.5275715,0.04,5429437,0.05,0,1
Sudan,SS,1,1150.341175,0.12,8003395,0.08,0,1
Trinid & Tobago,TT,1,12063.44878,1.21,1290991,0.01,0,0
Zambia,ZM,1,1173.383511,0.12,11714196,0.11,1,48
