Site,ID,standard.length,relative.otolith.area,relative.otolith.length,relative.otolith.width,relative.otolith.perimeter,Aspect ratio,Rectangularity,Roundness,Form factor,Ellipticity,Circularity,Altitude,Average river gradient,Latitude,Annual average temperature
BZLZ,17051001,145.62,1.448746437,1.613479915,1.180479879,4.459549922,1.366800014,0.760624357,0.708557945,0.915419554,0.154977189,13.72744395,1500,4.2857,28,12.1
BZLZ,17051002,94.77,1.325692342,1.540319827,1.113516328,4.272188079,1.383293436,0.772921258,0.711428165,0.912750089,0.160825113,13.76759177,1500,4.2857,28,12.1
BZLZ,17051003,86.45,1.427447609,1.558455479,1.156316845,4.452113233,1.34777547,0.792116254,0.748309909,0.904977202,0.148129783,13.88584219,1500,4.2857,28,12.1
BZLZ,17051004,81.57,1.56477072,1.574368072,1.295566999,4.635577773,1.215196183,0.767157544,0.803800519,0.915066869,0.097145429,13.73273478,1500,4.2857,28,12.1
BZLZ,17051101,294.6,1.416943915,1.598625531,1.172407809,4.451574078,1.363540501,0.756009431,0.705942437,0.898535655,0.153811835,13.98538895,1500,4.2857,28,12.1
BZLZ,17051102,277.14,1.175938266,1.469342359,1.03213951,4.097572779,1.423588909,0.775395223,0.693503479,0.880118267,0.174777541,14.27804772,1500,4.2857,28,12.1
BZLZ,17051103,330.47,1.018997545,1.317054179,0.986368808,3.737232246,1.3352553,0.784386602,0.74795587,0.916817357,0.14356259,13.70651473,1500,4.2857,28,12.1
BZLZ,17051104,449.97,1.22849059,1.444142804,1.080146861,4.114001027,1.336987456,0.78755136,0.750000705,0.912121949,0.144197375,13.77707293,1500,4.2857,28,12.1
BZLZ,17051105,420.74,1.280514482,1.57456261,1.100551595,4.356798098,1.430703128,0.738948467,0.657619594,0.847733781,0.177192814,14.82348691,1500,4.2857,28,12.1
BZLZ,17051106,416.84,1.429380108,1.45928693,1.294026054,4.439307174,1.127710625,0.75694447,0.85462672,0.911438154,0.060022554,13.78740901,1500,4.2857,28,12.1
BZLZ,17051108,240.66,1.26798765,1.38220737,1.152385866,4.167960271,1.199431033,0.796056506,0.845042854,0.917228935,0.09067392,13.70036437,1500,4.2857,28,12.1
BZLZ,17051109,260.29,1.485544322,1.573841269,1.217251682,4.588566196,1.292946473,0.775433039,0.763613986,0.886628067,0.127759839,14.17321545,1500,4.2857,28,12.1
BZLZ,17051110,159.25,1.491152719,1.624233659,1.205743155,4.721300094,1.34708097,0.761410416,0.719673036,0.840637534,0.147877715,14.94861948,1500,4.2857,28,12.1
BZLZ,17051115,356.49,1.256013742,1.487359404,1.081273836,4.207847578,1.375562188,0.780985144,0.722890741,0.891423862,0.158094025,14.09696459,1500,4.2857,28,12.1
BZLZ,17051116,275.46,1.511991262,1.513170829,1.311213983,4.595713552,1.154022798,0.762057513,0.840782143,0.899607862,0.07150472,13.96872031,1500,4.2857,28,12.1
BZLZ,17051117,282.3,1.4081394,1.536351884,1.198124235,4.441295203,1.282297644,0.764985318,0.759581492,0.897090449,0.123690109,14.0079193,1500,4.2857,28,12.1
BZLZ,17051118,230.45,1.444794234,1.577575191,1.219449184,4.429590195,1.2936785,0.751021248,0.739155789,0.925313217,0.128038215,13.58066694,1500,4.2857,28,12.1
BZLZ,17051119,193.87,1.269812498,1.600664782,1.101961688,4.310903873,1.452559376,0.719900893,0.631028445,0.858643296,0.18452535,14.63514671,1500,4.2857,28,12.1
BZLZ,17051120,194.55,1.453364977,1.523250038,1.242812723,4.444784363,1.225647284,0.767711069,0.797521526,0.924449436,0.101385015,13.59335635,1500,4.2857,28,12.1
BZLZ,17051121,179.55,1.309137576,1.376861509,1.184169865,4.203955097,1.162722976,0.802936175,0.879255085,0.930848526,0.075239861,13.49990924,1500,4.2857,28,12.1
BZLZ,17051122,185.37,1.530185111,1.568541862,1.264805059,4.606195545,1.240145152,0.771301656,0.791884537,0.906293977,0.10720071,13.86566713,1500,4.2857,28,12.1
BZLZ,17051123,162.1,1.512232651,1.518144253,1.280308279,4.576389331,1.185764615,0.778020458,0.835415733,0.907366092,0.08498839,13.8492839,1500,4.2857,28,12.1
BZLZ,17051124,166.38,1.65258599,1.660802446,1.236578617,4.804219996,1.343062562,0.804682133,0.76284839,0.899763057,0.146416305,13.96631093,1500,4.2857,28,12.1
BZLZ,17051125,153.1,1.391242967,1.636462697,1.150967448,4.429483382,1.421814926,0.738641715,0.661455878,0.891059475,0.174173064,14.10272936,1500,4.2857,28,12.1
BZLZ,17051126,118.95,1.46689238,1.638200667,1.191280531,4.580136036,1.375159439,0.751652506,0.695943807,0.878721721,0.157951266,14.30073971,1500,4.2857,28,12.1
BZLZ,17051127,125.78,1.37622019,1.528833496,1.207382498,4.357315057,1.266237914,0.745560446,0.749683004,0.910877267,0.117480125,13.79589883,1500,4.2857,28,12.1
BZLZ,17051128,120.16,1.388814865,1.48532314,1.199624671,4.41482625,1.238156547,0.77943162,0.80151671,0.895420407,0.106407457,14.03404536,1500,4.2857,28,12.1
BZLZ,17051129,96.33,1.338818214,1.580294251,1.125101534,4.338856259,1.404579234,0.752994727,0.682583538,0.893677761,0.168253651,14.06141135,1500,4.2857,28,12.1
BZLZ,17051130,116.33,1.208797313,1.440100714,1.109646418,4.123682248,1.297801435,0.756442645,0.742126386,0.893291011,0.129602772,14.06749924,1500,4.2857,28,12.1
BZLZ,17051131,105.42,1.19079192,1.4628096,1.102551888,4.125028674,1.326748987,0.738327492,0.708549823,0.87941081,0.140431559,14.28953394,1500,4.2857,28,12.1
BZLZ,17051132,95.32,1.327373753,1.45543963,1.172935033,4.297955891,1.240852723,0.777544174,0.797838432,0.902982184,0.107482621,13.9165211,1500,4.2857,28,12.1
BZLZ,17051133,88.33,1.380253661,1.598702116,1.130896152,4.465293865,1.413659524,0.763428962,0.687596927,0.869898698,0.171382716,14.44578621,1500,4.2857,28,12.1
BZLZ,17051134,101.75,1.350911318,1.490455637,1.168036173,4.378675802,1.276035513,0.775981725,0.774281444,0.885423658,0.121279089,14.19249474,1500,4.2857,28,12.1
BZLZ,17051135,87.69,1.340648778,1.465093471,1.191714441,4.322643514,1.22939978,0.767851932,0.795233138,0.901625194,0.102897552,13.93746614,1500,4.2857,28,12.1
BZLZ,17051136,98.58,1.261819766,1.498330514,1.086336255,4.207667024,1.379251136,0.775220821,0.715636028,0.895621399,0.159399372,14.0308959,1500,4.2857,28,12.1
BZLZ,17051201,93.81,1.444889145,1.5482731,1.172330892,4.470801668,1.320679264,0.796043409,0.767448975,0.908392592,0.138183363,13.83363397,1500,4.2857,28,12.1
BZLZ,17051206,125.43,1.748643494,1.654959504,1.354784987,4.948193893,1.221566167,0.779908278,0.812899118,0.897465417,0.099734219,14.00206668,1500,4.2857,28,12.1
BZLZ,17051264,107.75,1.560305821,1.676901137,1.181291816,4.843966262,1.419548594,0.787671396,0.706488227,0.835636446,0.173399532,15.03808345,1500,4.2857,28,12.1
BZLZ,17051268,107.75,1.346846754,1.465582212,1.165113379,4.359634314,1.257888063,0.788750794,0.798376844,0.890487697,0.114216496,14.11178465,1500,4.2857,28,11.9
CWLZ,170513013,253.7,1.644084907,1.662660035,1.267289819,4.820327954,1.311980898,0.780269873,0.757229362,0.88916208,0.13494095,14.13282336,1700,12.1571,28,11.9
CWLZ,170513015,212.4,1.792441802,1.67876527,1.415535637,4.962112325,1.185957616,0.754282931,0.80979526,0.91479071,0.085069177,13.73688044,1700,12.1571,28,11.9
CWLZ,170513024,185.2,1.734673053,1.690562865,1.307269299,4.82785047,1.293201689,0.784912499,0.772796418,0.935233113,0.127856913,13.43661857,1700,12.1571,28,11.9
CWLZ,170513025,208.6,1.861232516,1.738371599,1.369660558,5.091683992,1.269198846,0.781708913,0.784197609,0.9021684,0.118631669,13.92907423,1700,12.1571,28,11.9
CWLZ,170513026,193.7,1.8356678,1.705749947,1.335995515,5.058389671,1.276763229,0.805515169,0.803292062,0.901528353,0.121559952,13.93896328,1700,12.1571,28,11.9
CWLZ,170513028,191.1,1.572382935,1.684023868,1.206261301,4.677245424,1.396068884,0.77404941,0.70594677,0.903208193,0.165299456,13.91303878,1700,12.1571,28,11.9
CWLZ,170513029,147.7,1.834784304,1.73505187,1.40255061,5.070307908,1.237068992,0.753969907,0.776015167,0.896863217,0.105973036,14.01146839,1700,12.1571,28,11.9
CWLZ,170513030,153.8,1.577447893,1.570128862,1.282954108,4.711813192,1.22383868,0.783084457,0.814694055,0.892871085,0.10065419,14.07411532,1700,12.1571,28,11.9
CWLZ,170513033,223.82,1.889314884,1.73532548,1.399941286,5.157847664,1.239570186,0.777702653,0.798826709,0.892436219,0.106971502,14.08097335,1700,12.1571,28,11.9
CWLZ,170513034,197.28,1.807386723,1.690212446,1.384231409,4.961246952,1.221047604,0.772504633,0.805524243,0.922739818,0.099524028,13.61854162,1700,12.1571,28,11.9
CWLZ,170513035,184.34,1.848301412,1.726135815,1.372933549,5.052531633,1.257261006,0.779916869,0.789828838,0.909839059,0.113970429,13.81164118,1700,12.1571,28,11.9
CWLZ,170513036,174.13,1.811428086,1.609101431,1.43043071,4.910229019,1.124906939,0.786992966,0.890767521,0.944120579,0.05878231,13.31013315,1700,12.1571,28,11.9
CWLZ,170513038,142.27,2.298019992,1.885141395,1.531964482,5.676552578,1.230538578,0.795721653,0.823334021,0.896178121,0.103355566,14.02217965,1700,12.1571,28,11.9
CWLZ,170513039,150.22,1.923279253,1.735361026,1.440318399,5.144109192,1.20484542,0.769474087,0.813153969,0.913338687,0.09290693,13.7587193,1700,12.1571,28,11.9
CWLZ,170513040,106.9,2.246657827,1.949366318,1.470981828,5.560107652,1.325214412,0.783494889,0.752766244,0.913230477,0.139864268,13.76034959,1700,12.1571,28,11.9
CWLZ,170513049,192.98,1.726559121,1.697308028,1.290990183,4.943163692,1.314733489,0.787948529,0.7630803,0.887935324,0.135969644,14.15234902,1700,12.1571,28,11.9
CWLZ,170513050,190.51,1.899277643,1.76194853,1.39356087,5.315825049,1.264349888,0.773515989,0.778954588,0.844611444,0.116744276,14.87828599,1700,12.1571,28,11.9
CWLZ,170513051,184.13,1.965372015,1.686319859,1.474957201,5.290403887,1.143300875,0.790178838,0.879984408,0.882423315,0.066859897,14.2407509,1700,12.1571,28,11.9
CWLZ,170513052,191.74,1.633464907,1.634649385,1.362241642,4.92760538,1.199970207,0.733552229,0.778342413,0.845371945,0.09089678,14.8649014,1700,12.1571,28,11.9
CWLZ,170513053,227.6,1.62579718,1.672874637,1.21594599,4.774457262,1.375780381,0.799261115,0.739689904,0.896248021,0.158171346,14.02108604,1700,12.1571,28,11.9
CWLZ,170513054,244.9,1.501196527,1.59294852,1.232131513,4.66251537,1.292839687,0.764854357,0.753258755,0.867774456,0.127719216,14.48114833,1700,12.1571,28,11.9
CWLZ,170513055,209.3,1.869453221,1.778255235,1.373024763,5.149904745,1.295137046,0.765670891,0.752725327,0.885780416,0.128592341,14.18677856,1700,12.1571,28,11.9
CWLZ,170513058,171.7,1.641971729,1.784322751,1.240936062,4.988526273,1.437884518,0.741554128,0.656642469,0.829146003,0.179616596,15.15579954,1700,12.1571,28,11.9
CWLZ,170513059,162.1,1.773370611,1.684310644,1.434394733,4.954111986,1.174230918,0.734021248,0.795912342,0.907983031,0.080134505,13.83987386,1700,12.1571,28,11.9
CWLZ,170513061,163.5,1.560001676,1.717297527,1.230885827,4.739607679,1.39517207,0.738009155,0.673510072,0.872670188,0.164986923,14.39990822,1700,12.1571,28,11.9
CWLZ,170513063,194.06,2.14153074,1.848625081,1.505801991,5.46474016,1.227668108,0.769321031,0.797878476,0.901145967,0.102200192,13.94487805,1700,12.1571,28,11.9
CWLZ,170513065,166.55,1.484698529,1.633345553,1.20233967,4.575719947,1.358472646,0.756019552,0.708585479,0.8911058,0.151993557,14.10199621,1700,12.1571,28,11.9
CWLZ,170513066,170.3,1.966349441,1.944835535,1.339708799,5.321783118,1.451685274,0.754687937,0.661919317,0.872481486,0.184234607,14.40302266,1700,12.1571,28,11.9
CWLZ,170513067,196.08,1.866044479,1.884762759,1.348612084,5.228932707,1.397557371,0.734138927,0.668834591,0.857641425,0.165817668,14.65224305,1700,12.1571,28,11.9
CWLZ,170513068,157.23,1.760216948,1.708342131,1.394349731,4.931450442,1.225189128,0.738957786,0.767938805,0.909550289,0.101199995,13.81602619,1700,12.1571,28,11.9
CWLZ,170513070,173.17,1.697780235,1.681840316,1.282602144,4.926938077,1.311272029,0.787054403,0.764226467,0.878895274,0.134675635,14.29791578,1700,12.1571,28,11.9
CWLZ,170513071,149.79,2.029422281,1.893902172,1.390802377,5.531685719,1.361733488,0.770458867,0.72038964,0.833426475,0.153164398,15.07795947,1700,12.1571,28,11.9
CWLZ,170513073,170.23,1.915991827,1.793155818,1.383793472,5.119879351,1.295826187,0.772154746,0.758695855,0.918510366,0.128853913,13.68125072,1700,12.1571,28,11.9
CWLZ,170513075,157.21,2.109428242,1.881137994,1.437023398,5.448196983,1.30905175,0.780333518,0.75898565,0.893036105,0.133843579,14.07151463,1700,12.1571,28,11.9
CWLZ,170513076,157.7,1.886752715,1.777919558,1.42028478,5.135876697,1.251804978,0.747183793,0.759977767,0.898867484,0.111823617,13.98022605,1700,12.1571,28,11.9
CWLZ,170513078,156.04,2.213079859,1.938514572,1.485363014,5.56909781,1.305077987,0.768591204,0.749840795,0.896679537,0.132350397,14.01433857,1700,12.1571,28,11.9
CWLZ,170513079,159.89,1.991791118,1.78295964,1.405428205,5.319618082,1.268623779,0.794865439,0.797757481,0.884489636,0.118408253,14.20748204,1700,12.1571,28,11.9
CWLZ,170513080,167.34,1.761285238,1.709310062,1.302208055,4.968094011,1.312624396,0.791276866,0.767534871,0.896726385,0.135181656,14.01360641,1700,12.1571,28,11.9
CWLZ,170513084,185.12,2.025681352,1.859129282,1.442865798,5.279705889,1.288497714,0.755154127,0.746211721,0.913190812,0.126064235,13.76094727,1700,12.1571,28,11.9
CWLZ,170513085,162.53,1.720372859,1.736562227,1.33123363,4.935340077,1.30447593,0.744179928,0.726360135,0.887561139,0.132123719,14.15831548,1700,12.1571,28,11.9
CWLZ,170513087,162.1,1.803876157,1.789006516,1.278502546,5.048391954,1.39929836,0.788666146,0.717617452,0.88942729,0.16642297,14.12860923,1700,12.1571,28,11.9
CWLZ,170513088,165.46,1.832654117,1.693650733,1.370440737,5.008579483,1.235843833,0.789580461,0.813472576,0.91803921,0.105483142,13.68827222,1700,12.1571,28,11.9
CWLZ,170513089,154.28,2.062594072,1.778366869,1.482699129,5.302496176,1.199411826,0.782238836,0.830388194,0.921855606,0.090665979,13.63160405,1700,12.1571,28,11.9
CWLZ,170513091,153.31,2.289650266,2.015729158,1.474566926,5.691419301,1.366997403,0.770322324,0.717488449,0.888255387,0.155047658,14.14724953,1700,12.1571,28,11.9
CWLZ,170513093,185.67,1.923393106,1.819983365,1.391322609,5.210750803,1.308095875,0.759578729,0.739338525,0.890178931,0.133484869,14.11667945,1700,12.1571,28,11.9
CWLZ,170513094,165.6,2.012757132,1.743478196,1.513342727,5.2482449,1.152070952,0.762847206,0.84307935,0.918275619,0.070662611,13.6847482,1700,12.1571,28,11.9
CWLZ,170513095,189.56,1.900371892,1.906104383,1.309569117,5.256544845,1.455520261,0.761313434,0.66597106,0.86426657,0.185508655,14.53992443,1700,12.1571,28,11.9
CWLZ,170513098,154.33,1.897723309,1.790704436,1.34378456,5.153421517,1.332582982,0.788640971,0.753520707,0.897948487,0.142581415,13.99453398,1700,12.1571,28,11.9
CWLZ,170513099,145.28,1.993757475,1.843431373,1.356126804,5.349450026,1.359335549,0.797526375,0.747013583,0.875515669,0.152303706,14.35310761,1700,12.1571,28,11.9
CWLZ,170513100,142.5,2.116233705,1.879878549,1.464353193,5.422178462,1.283760337,0.768755076,0.762454902,0.904536041,0.124251364,13.8926146,1700,12.1571,28,11.9
CWLZ,170513103,148.42,1.771744511,1.714710485,1.360749108,4.936832623,1.260122439,0.75933293,0.767237122,0.913511783,0.115092189,13.75611224,1700,12.1571,28,11.9
CWLZ,170513106,156.79,1.68278718,1.785726828,1.216442292,4.929403732,1.467991404,0.774680565,0.671907156,0.870262519,0.189624406,14.43974701,1700,12.1571,28,11.9
CWLZ,170513107,156.79,1.788107959,1.732104613,1.280531979,5.079573316,1.352644558,0.806174746,0.75884944,0.870861586,0.149892833,14.4298139,1700,12.1571,28,11.9
CWLZ,170513108,169.46,1.976918034,1.760806158,1.411772887,5.225347287,1.247230468,0.795265748,0.811849794,0.909846665,0.110015626,13.81152572,1700,12.1571,28,11.9
CWLZ,170513109,171.25,1.807446398,1.741882703,1.358820756,5.000866286,1.281907636,0.763632402,0.75846882,0.908206918,0.123540336,13.83646211,1700,12.1571,28,11.9
CWLZ,170513110,161.7,1.704790144,1.787132819,1.228863749,4.943443278,1.454296964,0.776265639,0.67962193,0.8766408,0.185102687,14.33468602,1700,12.1571,28,11.9
CWLZ,170513112,134.97,1.925177159,1.780515708,1.363465086,5.206334142,1.305875542,0.793014027,0.773195291,0.892516984,0.132650499,14.07969914,1700,12.1571,28,11.9
CWLZ,170513113,174.68,1.849061374,1.86315592,1.298976083,5.137439088,1.434326578,0.764013392,0.678208211,0.880375239,0.178417548,14.27388012,1700,12.1571,28,11.9
CWLZ,170513114,168.81,1.762205461,1.645499846,1.39434025,4.999520714,1.180127911,0.768050777,0.828649685,0.885950918,0.082622634,14.1840483,1700,12.1571,28,11.9
CWLZ,170513115,168.14,1.887821132,1.734703701,1.450619431,5.097478061,1.195836526,0.750208616,0.798767437,0.912977294,0.089185385,13.76416555,1700,12.1571,28,11.9
CWLZ,170513116,170.67,1.751999514,1.643317041,1.345051457,4.984786366,1.221750315,0.792635872,0.826040579,0.886034729,0.099808837,14.18270663,1700,12.1571,28,11.9
CWLZ,170513117,183.04,1.705315745,1.790729959,1.273827288,4.939275813,1.405787092,0.747591155,0.677102974,0.87839147,0.16867124,14.30611641,1700,12.1571,28,11.9
CWLZ,170513118,182.83,1.994397659,1.852277737,1.355577657,5.346717209,1.366412118,0.794293936,0.740132816,0.876692297,0.154838675,14.333844,1700,12.1571,28,11.9
CWLZ,170513120,158.05,1.854631145,1.765352459,1.384844718,5.076558366,1.274765637,0.758621318,0.757713131,0.904333555,0.120788547,13.89572526,1700,12.1571,28,11.9
CWLZ,170513122,126.56,2.074241521,1.779298344,1.510588488,5.364674075,1.177884221,0.771728214,0.83420328,0.905696112,0.081677538,13.87482009,1700,12.1571,28,11.9
CWLZ,170513123,149.69,2.15352205,1.877425696,1.463513749,5.455137226,1.282820675,0.783772025,0.777918189,0.909385085,0.123890886,13.81853608,1700,12.1571,28,11.9
CWLZ,170513125,152.81,1.909480665,1.668042718,1.437429273,5.129415407,1.160434638,0.796382323,0.873798001,0.911988549,0.074260353,13.77908816,1700,12.1571,28,11.9
CWLZ,170513126,136.99,1.797052862,1.792514238,1.372153095,5.073286533,1.306351488,0.730626919,0.712107801,0.877388492,0.132829488,14.3224703,1700,12.1571,28,11.9
CWLZ,170513127,114.67,2.142644914,1.823268363,1.502089453,5.476406782,1.213821427,0.782354908,0.820652186,0.897777401,0.096584767,13.99720086,1700,12.1571,28,11.9
CWLZ,170513128,117.43,1.724829339,1.659656302,1.309894609,4.97246573,1.26701514,0.793398941,0.797296634,0.876622064,0.11778269,14.33499238,1700,12.1571,28,11.9
CWLZ,170513129,111.06,1.86196506,1.824525873,1.312025004,5.168979694,1.390618218,0.777820507,0.712166586,0.875733048,0.163396319,14.34954482,1700,12.1571,28,11.9
CWLZ,170513130,116.89,1.955335854,1.843419437,1.385609311,5.299803699,1.330403471,0.765519765,0.732627401,0.874805812,0.141779514,14.36475437,1700,12.1571,28,11.9
CWLZ,170513131,123.41,1.722838998,1.731453386,1.314384124,4.895954696,1.317311549,0.757027376,0.731700252,0.903191365,0.136930897,13.913298,1700,12.1571,28,11.9
CWLZ,170513133,173.92,2.306929031,1.914606916,1.504476696,5.668035795,1.272606562,0.800883131,0.801281482,0.902358118,0.119953258,13.92614569,1700,12.1571,28,11.9
CWLZ,170513134,146.79,2.094470098,1.844408348,1.519261967,5.393874218,1.214016008,0.747453912,0.783917076,0.904653773,0.096664165,13.89080661,1700,12.1571,28,11.9
CWLZ,170513136,146.83,2.005545853,1.817498036,1.467175302,5.457220769,1.238773604,0.752101817,0.773027269,0.846251425,0.106653752,14.84945282,1700,12.1571,28,11.9
CWLZ,170513137,129.5,2.112288639,1.857522634,1.495443714,5.391778946,1.242121396,0.760412202,0.779462369,0.91305927,0.107987639,13.76292977,1700,12.1571,28,11.9
CWLZ,170513139,114.59,2.3310024,2.062434998,1.511101049,5.700902501,1.364855778,0.747943761,0.697737878,0.901291671,0.154282465,13.94262371,1700,12.1571,28,11.9
CWLZ,170513140,122.01,2.101988131,1.746837915,1.476008558,5.355989481,1.18348766,0.815246183,0.877071822,0.920790209,0.08403421,13.64737645,1700,12.1571,28,11.9
LKZ,20170517024,144.94,1.200072522,1.461052196,1.068227824,4.143777321,1.367734638,0.768914188,0.715790859,0.8782629,0.155310748,14.30821069,800,2.0667,25,20.2
LKZ,20170517025,132.25,1.405026597,1.517111098,1.16539844,4.458722117,1.30179606,0.794680814,0.777248502,0.88812398,0.131113293,14.14934277,800,2.0667,25,20.2
LKZ,20170517027,125.1,1.349579765,1.520898794,1.173104156,4.35320294,1.296473792,0.756417676,0.742861833,0.894933148,0.129099576,14.0416864,800,2.0667,25,20.2
LKZ,20170517028,132.17,1.283005438,1.586418434,1.111575095,4.338915908,1.427180621,0.727565239,0.649087313,0.856398494,0.175998695,14.67350854,800,2.0667,25,20.2
LKZ,20170517029,126.54,1.329379052,1.661693371,1.107972468,4.650243854,1.499760526,0.722052831,0.612995343,0.772515568,0.199923361,16.26681861,800,2.0667,25,20.2
LKZ,20170517030,123.35,1.274598693,1.493790439,1.10141073,4.286882533,1.35625194,0.774701667,0.72728434,0.871565772,0.151194333,14.41815526,800,2.0667,25,20.2
LKZ,20170517031,115.73,1.573170767,1.617747221,1.265680836,4.631238744,1.278163637,0.768317988,0.765358062,0.92170383,0.122099937,13.63384876,800,2.0667,25,20.2
LKZ,20170517032,105.76,1.531731785,1.688913939,1.170172897,4.704508783,1.443302903,0.775041878,0.683719243,0.869689088,0.181435917,14.44926788,800,2.0667,25,20.2
LKZ,20170517033,103.34,1.231348894,1.367163232,1.160460628,4.123208331,1.178121169,0.776122626,0.838784706,0.910165629,0.081777438,13.80668552,800,2.0667,25,20.2
LKZ,20170517034,198.51,1.633412234,1.584075579,1.36151595,4.736537508,1.163464577,0.757350946,0.828808364,0.914921233,0.075556854,13.73492074,800,2.0667,25,20.2
LKZ,20170517035,215.63,1.710855918,1.647130956,1.367409952,4.911053271,1.20456265,0.759602824,0.802910794,0.891402834,0.092790582,14.09729713,800,2.0667,25,20.2
LKZ,20170517036,212.95,1.151691109,1.413047296,1.075460061,4.053022521,1.313900299,0.757853096,0.734400115,0.881024213,0.135658524,14.26336578,800,2.0667,25,20.2
LKZ,20170517037,172.98,1.492962102,1.635276503,1.22466668,4.587788702,1.335282922,0.745486332,0.710847613,0.891357314,0.14357272,14.09801705,800,2.0667,25,20.2
LKZ,20170517038,170.35,1.377011874,1.509378962,1.176077632,4.374020642,1.28340079,0.775717167,0.769575475,0.904452769,0.124113468,13.89389368,800,2.0667,25,20.2
LKZ,20170517039,150.25,1.625164974,1.660352229,1.286679562,4.767535287,1.290416261,0.760723481,0.750597499,0.898502905,0.12679628,13.98589871,800,2.0667,25,20.2
LKZ,20170517040,111.29,1.369678114,1.576322625,1.116400572,4.406170752,1.411968665,0.778311338,0.701840486,0.886555102,0.170801831,14.17438192,800,2.0667,25,20.2
LKZ,20170517041,115.99,1.412888045,1.488986961,1.241210692,4.50175859,1.199624665,0.764489188,0.811402011,0.876099052,0.090753967,14.34355006,800,2.0667,25,20.2
LKZ,20170517042,111.05,1.351283775,1.480162893,1.154462248,4.366664238,1.282123253,0.790782981,0.785303722,0.890546964,0.123623145,14.11084549,800,2.0667,25,20.2
LKZ,20170517043,104.92,1.503785103,1.528942574,1.271760439,4.507115933,1.202225299,0.773373512,0.819055911,0.930246798,0.091827707,13.50864162,800,2.0667,25,20.2
LKZ,20170517044,117.76,1.415023565,1.617981061,1.150539255,4.508016219,1.406280624,0.760131618,0.68821942,0.874989007,0.168841747,14.36174685,800,2.0667,25,20.2
LKZ,20170517045,105.81,1.59186997,1.603237512,1.273859818,4.697909434,1.258566672,0.779449684,0.78853682,0.906375533,0.114482639,13.8644195,800,2.0667,25,20.2
LKZ,20170517046,100.66,1.547435547,1.664114629,1.257573101,4.65858435,1.323274669,0.739428339,0.711469375,0.896013403,0.139146126,14.0247574,800,2.0667,25,20.2
LKZ,20170517047,102.73,1.535722529,1.632423572,1.169361699,4.603584055,1.395995416,0.804509234,0.733765282,0.910605911,0.165273862,13.80000993,800,2.0667,25,20.2
LKZ,20170517048,105.81,1.559872204,1.651618472,1.222909498,4.859861548,1.350564759,0.772298106,0.728080962,0.829948395,0.149140651,15.14114695,800,2.0667,25,20.2
LKZ,20170517049,105.1,1.428406448,1.557754487,1.168144617,4.484231701,1.333528798,0.784975639,0.749486645,0.892658977,0.14292894,14.07745952,800,2.0667,25,20.2
LKZ,20170517050,112.02,1.346460785,1.564236818,1.178083743,4.381612736,1.327780667,0.730659512,0.70064628,0.881323992,0.140812522,14.25851416,800,2.0667,25,20.2
LKZ,20170517051,114.48,1.649858545,1.746317405,1.289775172,4.825383897,1.3539704,0.732503182,0.688827479,0.89041575,0.150371644,14.11292491,800,2.0667,25,20.2
LKZ,20170517052,110.44,1.416499008,1.512972506,1.185723996,4.45136863,1.275990459,0.789589982,0.787887701,0.898336441,0.121261694,13.98849033,800,2.0667,25,20.2
LKZ,20170517053,103.54,1.384453963,1.461563164,1.248546438,4.524900249,1.170611777,0.758675798,0.825189056,0.849709284,0.078600779,14.78902355,800,2.0667,25,20.2
LKZ,20170517054,182.23,1.590525923,1.561555996,1.26588403,4.642193725,1.233569552,0.804617119,0.83049256,0.927479022,0.104572321,13.54895401,800,2.0667,25,20.2
LKZ,20170517055,131.29,1.027518242,1.342653227,0.996811414,3.919252685,1.346948087,0.767737366,0.725724758,0.840606755,0.147829468,14.94916682,800,2.0667,25,20.2
LKZ,20170517056,129.36,1.487470844,1.592741096,1.235438505,4.634420347,1.28921115,0.755930978,0.746566002,0.87029699,0.126336599,14.43917509,800,2.0667,25,20.2
LKZ,20170517057,131.07,1.366576623,1.521574304,1.158428758,4.496922248,1.313481121,0.775303048,0.75154982,0.849206078,0.135501915,14.79778694,800,2.0667,25,20.2
LKZ,20170517058,121.68,1.39878024,1.523680301,1.186810619,4.441090713,1.283844513,0.773524747,0.767135184,0.891210028,0.124283642,14.10034697,800,2.0667,25,20.2
LKZ,20170517059,104.45,1.5655577,1.583111853,1.293447892,4.673009037,1.223947144,0.764554662,0.795345807,0.900918906,0.100698051,13.94839261,800,2.0667,25,20.2
LKZ,20170517060,102.1,1.483317418,1.626365017,1.212320765,4.615993058,1.341530281,0.752312934,0.714016367,0.874809854,0.145857726,14.364688,800,2.0667,25,20.2
LKZ,20170517061,106.35,1.499885583,1.580814747,1.271286662,4.593397389,1.243476231,0.746334747,0.764198695,0.893305394,0.108526325,14.06727274,800,2.0667,25,20.2
LKZ,20170517062,156.56,1.386559733,1.547796258,1.222619917,4.439798629,1.265966828,0.732712035,0.736921314,0.883938199,0.117374546,14.21634524,800,2.0667,25,20.2
LKZ,20170517063,120.23,1.294304721,1.448478132,1.177656836,4.242070111,1.229966224,0.758762458,0.785457639,0.903838247,0.103125429,13.90334018,800,2.0667,25,20.2
LKZ,20170517064,110.87,1.56824186,1.61271301,1.256982439,4.77853359,1.283003612,0.773618314,0.767730831,0.863045355,0.123961088,14.56049851,800,2.0667,25,20.2
LKZ,20170517065,140.34,1.382828871,1.591693035,1.119405241,4.483431502,1.421909579,0.776107332,0.694960187,0.864484527,0.174205339,14.53625857,800,2.0667,25,20.2
LKZ,20170517066,132.45,1.482178349,1.487622051,1.315621514,4.546900281,1.130737097,0.757315579,0.852757149,0.90090598,0.061357685,13.94859274,800,2.0667,25,20.2
LKZ,20170517067,128.88,2.01334356,1.869969596,1.356231679,5.588189707,1.378798051,0.793870127,0.733092739,0.810187376,0.159239264,15.51044979,800,2.0667,25,20.2
LKZ,20170517068,107.85,1.431401275,1.492311864,1.257927694,4.517489868,1.18632563,0.762511029,0.818374964,0.8814078,0.085223183,14.2571584,800,2.0667,25,20.2
LKZ,20170517069,115.35,1.554169717,1.64321481,1.279029682,4.662655035,1.284735478,0.739474971,0.732858079,0.898342064,0.12462514,13.98840277,800,2.0667,25,20.2
LKZ,20170517070,97.24,1.881886377,1.734210329,1.407297843,5.218679203,1.232298008,0.771090953,0.796709471,0.86832451,0.104062275,14.47197501,800,2.0667,25,20.2
LKZ,20170517071,105.28,1.573393493,1.679623697,1.239765288,4.79450458,1.35479168,0.755589448,0.71010649,0.86012137,0.150667969,14.60999697,800,2.0667,25,20.2
LKZ,20170517072,90.5,1.614047175,1.5944365,1.352383154,4.801106563,1.178982817,0.748530057,0.808373163,0.879920422,0.082140536,14.28125806,800,2.0667,25,20.2
LKZ,20170517073,101.8,1.7746576,1.723944243,1.380476388,5.023936889,1.248803861,0.745696964,0.760288219,0.883560082,0.110638311,14.22242908,800,2.0667,25,20.2
LKZ,20170517074,123.14,1.324275079,1.546163384,1.138344401,4.297406114,1.358256238,0.752400623,0.705305965,0.901104743,0.151915739,13.945516,800,2.0667,25,20.2
LKZ,20170517075,114.37,1.359733796,1.45731986,1.184038881,4.373125577,1.230804058,0.788012388,0.815181366,0.893469762,0.103462273,14.06468484,800,2.0667,25,20.2
LKZ,20170517076,95.27,1.565281998,1.62374992,1.259615922,4.670411025,1.289083356,0.765306331,0.755900137,0.901762661,0.126287824,13.93534147,800,2.0667,25,20.2
LKZ,20170517077,97.96,1.798335636,1.768566555,1.34449356,4.994447078,1.315414672,0.756293932,0.732045463,0.905953241,0.136223837,13.87088212,800,2.0667,25,20.2
LKZ,20170517078,83.27,1.839869653,1.779005243,1.32931607,5.281232241,1.338286118,0.77800354,0.740189157,0.828946283,0.144672679,15.15945107,800,2.0667,25,20.2
LKZ,20170517079,94.1,1.666080706,1.644428192,1.298860612,4.829384097,1.266054399,0.780043055,0.784469976,0.897681766,0.117408655,13.99869206,800,2.0667,25,20.2
LKZ,20170517080,101.95,1.535660276,1.614185937,1.25807123,4.654258122,1.283064026,0.756199455,0.7504092,0.890848973,0.12398427,14.10606174,800,2.0667,25,20.2
LKZ,20170517081,105.38,1.643725857,1.626364271,1.35516041,4.905381985,1.200126759,0.745797385,0.791232023,0.858407666,0.090961468,14.63916402,800,2.0667,25,20.2
LKZ,20170517082,106.91,1.62018052,1.66445199,1.30986352,4.818480706,1.270706424,0.743132211,0.744613626,0.876905959,0.119216831,14.33035148,800,2.0667,25,20.2
LKZ,20170517083,104.43,1.654195135,1.728676187,1.251642746,4.83254441,1.381125878,0.764526781,0.704805945,0.890112491,0.160061205,14.11773314,800,2.0667,25,20.2
LKZ,20170517084,106.24,1.399456172,1.565790671,1.190536854,4.41620325,1.315197145,0.750728247,0.726778411,0.901718666,0.13614268,13.93602139,800,2.0667,25,20.2
LKZ,20170517085,106.12,1.296810831,1.501805246,1.134375937,4.29038045,1.323904357,0.761212667,0.732081637,0.885309008,0.139379384,14.19433272,800,2.0667,25,20.2
LKZ,20170517086,90.3,1.803257839,1.725183734,1.327046108,5.050916241,1.30001793,0.787655775,0.771431268,0.888233931,0.130441561,14.14759128,800,2.0667,25,20.2
LKZ,20170517087,96.65,1.705000675,1.682256485,1.353557533,4.927637983,1.242840769,0.748782393,0.767096942,0.882382388,0.108273745,14.24141142,800,2.0667,25,20.2
LKZ,20170517088,80.43,1.735506703,1.763916073,1.296602,4.963626936,1.360414432,0.758825105,0.710199854,0.885192843,0.152691166,14.19619545,800,2.0667,25,20.2
LKZ,20170517089,93.55,1.644859082,1.685015927,1.269034189,4.819377642,1.327793957,0.769221411,0.737616793,0.889931633,0.140817427,14.12060225,800,2.0667,25,20.2
LKZ,20170517090,91.28,1.792827247,1.722714591,1.354672507,5.01959685,1.271683438,0.768229172,0.769169223,0.894150516,0.119595641,14.0539768,800,2.0667,25,20.2
LKZ,20170517092,94.61,1.581785557,1.609905595,1.29810764,4.771448129,1.240194222,0.756896488,0.777064207,0.873086064,0.107220267,14.39304914,800,2.0667,25,20.2
LKZ,20170517093,92.51,1.774012654,1.697400524,1.305513089,5.011446361,1.300178863,0.800554957,0.783967697,0.887647235,0.130502401,14.15694221,800,2.0667,25,20.2
LKZ,20170517094,98.71,1.61768276,1.690097328,1.255411524,4.80890976,1.346249653,0.762422196,0.721074347,0.879042689,0.147575793,14.29551804,800,2.0667,25,20.2
LKZ,20170517095,101.08,1.740939729,1.764554394,1.28583173,4.949073699,1.372305841,0.76729885,0.711907804,0.89319392,0.156938382,14.06902839,800,2.0667,25,20.2
LKZ,20170517096,108.04,1.575152533,1.678924054,1.260192356,4.784533778,1.332276018,0.744482894,0.711493,0.864675652,0.142468565,14.53304553,800,2.0667,25,20.2
LKZ,20170914001,228.29,1.377334366,1.572506686,1.12642722,4.528961046,1.396012683,0.777577609,0.709193099,0.843824396,0.165279878,14.8921632,800,2.0667,25,20.2
LKZ,20170914002,199.89,1.649505244,1.610130204,1.323355786,4.763508161,1.216702433,0.774133895,0.810105956,0.913502494,0.097758919,13.75625211,800,2.0667,25,20.2
LKZ,20170914003,177.6,1.513559647,1.669884847,1.196085094,4.707863198,1.396125456,0.75779361,0.691093187,0.858147093,0.165319163,14.64360915,800,2.0667,25,20.2
LKZ,20170914004,162.83,1.675684213,1.636315198,1.327209427,4.837220212,1.232899017,0.771588518,0.796834939,0.899933304,0.104303426,13.96366881,800,2.0667,25,20.2
LKZ,20170914005,166.52,1.531428474,1.507937115,1.254915629,4.581181803,1.201624301,0.809280282,0.857512333,0.9169624,0.091579794,13.70434667,800,2.0667,25,20.2
LKZ,20170914006,158.05,1.414366176,1.507376218,1.220104115,4.386691935,1.235448844,0.769030051,0.792553635,0.923628773,0.105325087,13.60543433,800,2.0667,25,20.2
LKZ,20170914007,170.55,1.325685573,1.452288058,1.170045269,4.34583827,1.24122382,0.78016255,0.80028581,0.882070452,0.107630402,14.24644777,800,2.0667,25,20.2
LKZ,20170914008,143.74,1.421418353,1.519855531,1.205642876,4.476629087,1.260618348,0.775712743,0.783479109,0.891311599,0.11528631,14.09874014,800,2.0667,25,20.2
LKZ,20170914009,131.32,1.58145904,1.573699413,1.244755889,4.635827884,1.264263481,0.807331645,0.813063567,0.924726291,0.11671057,13.58928662,800,2.0667,25,20.2
LKZ,20170916001,227.72,1.645887158,1.705667245,1.249774842,4.763074901,1.364779629,0.772100741,0.720313503,0.911664615,0.154255231,13.78398416,800,2.0667,25,20.2
LKZ,20170916002,187.64,1.388269855,1.508665602,1.211374668,4.447235942,1.245416172,0.759630541,0.776601161,0.882070739,0.109296519,14.24644312,800,2.0667,25,20.2
LKZ,20170916003,192.95,1.448831578,1.550177016,1.213719955,4.443560292,1.277211444,0.770048568,0.767653854,0.922073653,0.121732852,13.62838053,800,2.0667,25,20.2
LKZ,20170916004,162.64,1.361397289,1.536826885,1.172348313,4.521719622,1.310896146,0.755619695,0.73391388,0.836734134,0.134534884,15.01835541,800,2.0667,25,20.2
LKZ,20170916005,150.97,1.446728958,1.56905085,1.244615978,4.420133849,1.260670663,0.740823557,0.748209565,0.930521039,0.115306784,13.50466038,800,2.0667,25,20.2
LKZ,20170916006,143.28,1.565715503,1.579275017,1.227042691,4.59504798,1.287057923,0.807970331,0.799295633,0.931842716,0.125514059,13.48550608,800,2.0667,25,20.2
LKZ,20170916007,64.48,1.633681887,1.657719698,1.288023716,4.828230363,1.287025757,0.765125253,0.756929474,0.880646052,0.12550176,14.26949067,800,2.0667,25,20.2
MKZ,20170913007,267.32,1.256905255,1.462579034,1.138494007,4.185993199,1.284661162,0.754835731,0.748124665,0.901395466,0.124596665,13.94101822,700,0.9875,25,21.5
MKZ,20170913008,235.49,1.425672127,1.523755377,1.243394914,4.525739968,1.225479821,0.752480623,0.781806497,0.87468228,0.101317396,14.36678313,700,0.9875,25,21.5
MKZ,20170913009,189.48,1.538597511,1.637633969,1.215452242,4.665104053,1.347345385,0.772983615,0.730468458,0.888407507,0.147973701,14.14482714,700,0.9875,25,21.5
MKZ,20170913010,178.2,1.367969469,1.433130971,1.224461045,4.339098861,1.170417774,0.779552826,0.84803692,0.91303448,0.07851842,13.76330346,700,0.9875,25,21.5
MKZ,20170913011,179.88,1.503293628,1.4822309,1.272658302,4.530467791,1.164673108,0.796922592,0.871208712,0.920380876,0.076072968,13.65344602,700,0.9875,25,21.5
MKZ,20170913012,174.51,1.629362048,1.640114126,1.299398281,4.763454166,1.262210478,0.764541808,0.771222296,0.90236757,0.115908966,13.92599982,700,0.9875,25,21.5
MKZ,20170913013,191.44,1.515427725,1.470422105,1.306152938,4.570773079,1.125765645,0.789040279,0.892403575,0.911519095,0.059162517,13.78618472,700,0.9875,25,21.5
MKZ,20170913014,163.43,1.319186638,1.539908944,1.13177038,4.486896872,1.360619584,0.756925051,0.70831474,0.82342478,0.152764802,15.26110329,700,0.9875,25,21.5
MKZ,20170913015,163.39,1.509996175,1.558924626,1.272664426,4.540787201,1.224929836,0.761091418,0.791107917,0.920287264,0.101095249,13.65483486,700,0.9875,25,21.5
MKZ,20170913016,150.03,1.524219692,1.548179086,1.285054271,4.597305201,1.204757745,0.766134293,0.809683509,0.906255718,0.092870859,13.8662525,700,0.9875,25,21.5
MKZ,20170913017,149.94,1.490911992,1.534287262,1.265033109,4.590245738,1.212843562,0.768145404,0.806396748,0.889180643,0.096185544,14.13252831,700,0.9875,25,21.5
MKZ,20170913018,146.53,1.331697331,1.445106656,1.21034596,4.298231434,1.193961647,0.761370601,0.811924872,0.905807269,0.088407036,13.87311743,700,0.9875,25,21.5
MKZ,20170913019,151.4,1.492452328,1.585312532,1.229260499,4.652578192,1.289647339,0.765846353,0.756102721,0.866409031,0.126503036,14.50397003,700,0.9875,25,21.5
MKZ,20170913020,144.17,1.359897476,1.575889014,1.159278791,4.415573202,1.359370176,0.744376492,0.697212284,0.876479684,0.152316148,14.33732105,700,0.9875,25,21.5
MKZ,20170913021,141.32,1.59366789,1.582174655,1.267797317,4.686168518,1.247971291,0.794499395,0.810585992,0.911951794,0.110308923,13.7796435,700,0.9875,25,21.5
MKZ,20170913022,136.5,1.605884253,1.591786643,1.285730448,4.691670557,1.238040715,0.784656279,0.806964902,0.91678835,0.106361208,13.70694841,700,0.9875,25,21.5
MKZ,20170913023,138.99,1.554916032,1.658739712,1.224694396,4.66254099,1.354411123,0.765422049,0.719549334,0.898817417,0.150530687,13.98100478,700,0.9875,25,21.5
MKZ,20170913024,145.29,1.486096929,1.625032115,1.238202623,4.581605068,1.312412108,0.738573071,0.716528318,0.889655155,0.135102263,14.1249905,700,0.9875,25,21.5
MKZ,20170913025,135.26,1.429602078,1.515278133,1.19571796,4.437477652,1.267253804,0.789030993,0.792757898,0.912331515,0.117875556,13.77390829,700,0.9875,25,21.5
MKZ,20170913026,141.14,1.425245805,1.407456527,1.292104691,4.455650708,1.089274373,0.783713051,0.916072637,0.902147105,0.042729846,13.92940303,700,0.9875,25,21.5
MKZ,20170913027,136.74,1.543895886,1.527849266,1.318615616,4.59190303,1.158676757,0.766336102,0.842106673,0.920115735,0.073506493,13.65738042,700,0.9875,25,21.5
MKZ,20170913028,143.44,1.556135606,1.518540155,1.296693999,4.564166905,1.171085974,0.790284854,0.859221227,0.938716105,0.078802026,13.38676363,700,0.9875,25,21.5
MKZ,20170913029,139.95,1.610618245,1.582739946,1.282894084,4.694121187,1.233726124,0.79321743,0.818622366,0.918531138,0.104635086,13.68094133,700,0.9875,25,21.5
MKZ,20170913030,138.18,1.591951086,1.636008656,1.306934756,4.739063207,1.25179061,0.744543737,0.757301198,0.890747437,0.11181795,14.10766969,700,0.9875,25,21.5
MKZ,20170913031,137.82,1.615671016,1.53528595,1.33181754,4.70282913,1.152774989,0.790167073,0.872739237,0.918003631,0.070966538,13.68880274,700,0.9875,25,21.5
MKZ,20170913032,135.18,1.605453785,1.581756604,1.261628003,4.717832106,1.253742466,0.804501452,0.817012337,0.90640587,0.112587161,13.86395547,700,0.9875,25,21.5
MKZ,20170913033,130.62,1.545749458,1.540257918,1.322767559,4.656391551,1.164420693,0.758686083,0.829587733,0.89588029,0.07596522,14.02684126,700,0.9875,25,21.5
MKZ,20170913034,129.64,1.566414574,1.594952802,1.299120159,4.707941988,1.227717691,0.755978697,0.784009205,0.888084671,0.102220174,14.14996906,700,0.9875,25,21.5
MKZ,20170913035,120.46,1.783725481,1.731332042,1.327018147,4.990578376,1.304678497,0.776373651,0.757665307,0.899986758,0.1322,13.96283946,700,0.9875,25,21.5
MKZ,20170913036,108.95,1.677170399,1.680455785,1.337714392,4.842589145,1.256214178,0.746082235,0.756193826,0.898735309,0.113559333,13.98228209,700,0.9875,25,21.5
MKZ,20170913037,114.41,1.762877226,1.694195766,1.350076301,4.940403866,1.254888901,0.770726269,0.781996847,0.907626203,0.113038341,13.84531492,700,0.9875,25,21.5
MKZ,20170913038,109.64,1.634431548,1.607161059,1.344106368,4.738138321,1.195709727,0.756612822,0.805671596,0.914873674,0.089132787,13.73563474,700,0.9875,25,21.5
MKZ,20170913039,91.35,1.243388756,1.40801486,1.151592802,4.142838525,1.222667298,0.766832932,0.798550853,0.910375974,0.10018022,13.80349546,700,0.9875,25,21.5
MKZ,20170913040,101.35,1.210741507,1.506466812,1.074027219,4.115455401,1.402633737,0.74830143,0.679269967,0.898308473,0.167580156,13.98892584,700,0.9875,25,21.5
MKZ,20170913041,91.95,1.479390836,1.588072864,1.255876003,4.53256482,1.26451406,0.741763975,0.746882344,0.904908653,0.11680831,13.88689408,700,0.9875,25,21.5
MKZ,20170913043,84.19,1.445824609,1.492093972,1.254733431,4.490584426,1.189172086,0.772267871,0.826862659,0.900989531,0.086412616,13.94729925,700,0.9875,25,21.5
MKZ,20170913044,81.97,1.353135384,1.473752779,1.187919973,4.346877859,1.240616214,0.772910895,0.793235415,0.89990412,0.10738841,13.96412166,700,0.9875,25,21.5
MKZ,20170913045,82.75,1.476442717,1.548216145,1.235202547,4.521253512,1.253410745,0.772052496,0.784266269,0.907629802,0.112456527,13.84526002,700,0.9875,25,21.5
MKZ,20170913046,85,1.249898947,1.393068908,1.160558586,4.186807983,1.200343459,0.773099218,0.820049036,0.896022012,0.091050994,14.02462265,700,0.9875,25,21.5
MKZ,20170913047,81.97,1.342435009,1.533088623,1.142951577,4.350421564,1.34134171,0.76612243,0.727225111,0.891333948,0.145788933,14.09838663,700,0.9875,25,21.5
MKZ,20170913048,85.1,1.479145313,1.499807366,1.267337132,4.542358048,1.183432039,0.778185618,0.837240052,0.900861397,0.084010876,13.94928305,700,0.9875,25,21.5
MKZ,20170913049,79.19,1.604239162,1.545195922,1.293093122,4.750851734,1.194961056,0.802889464,0.855484462,0.8931739,0.088822102,14.06934373,700,0.9875,25,21.5
MKZ,20170913050,84.93,1.521236439,1.522982906,1.25810502,4.628189261,1.210537182,0.793934722,0.835058269,0.892450964,0.095242543,14.0807407,700,0.9875,25,21.5
MKZ,20170913051,84.43,1.350333032,1.51234838,1.188468364,4.311195889,1.272518837,0.751279296,0.751704793,0.912967342,0.119919286,13.76431558,700,0.9875,25,21.5
MKZ,20170913052,85.78,1.359509543,1.577752892,1.151751556,4.394821663,1.369872594,0.748142743,0.695367533,0.88452398,0.156072776,14.2069304,700,0.9875,25,21.5
MKZ,20170913053,81.48,1.194696638,1.408422594,1.139594521,4.129050011,1.235898004,0.744345052,0.766834764,0.88057676,0.105504814,14.27061352,700,0.9875,25,21.5
MKZ,20170913054,70.25,1.774520185,1.588148269,1.489824715,4.997562358,1.065996726,0.749988706,0.895795696,0.892841491,0.031944255,14.07458181,700,0.9875,25,21.5
MKZ,20170913055,76.66,1.661544093,1.637932505,1.297258941,4.814543393,1.262610303,0.781968388,0.788551362,0.900765044,0.116065194,13.95077517,700,0.9875,25,21.5
MKZ,20170913057,80.08,1.504659827,1.601079575,1.204631729,4.540465749,1.329102942,0.780137422,0.747347541,0.917164807,0.141300299,13.70132228,700,0.9875,25,21.5
MKZ,20170913058,79.35,1.291610886,1.461671656,1.196866247,4.286742844,1.221248957,0.738305752,0.769736648,0.883256206,0.099605655,14.22732218,700,0.9875,25,21.5
MKZ,20170913059,75.03,1.49958931,1.635188417,1.216037116,4.630429886,1.344686273,0.754149944,0.714079968,0.878900223,0.147007417,14.29783527,700,0.9875,25,21.5
MKZ,20170913060,73.32,1.702885425,1.720566105,1.259768604,4.968003261,1.365779477,0.785639453,0.732407564,0.867024856,0.154612668,14.49366824,700,0.9875,25,21.5
MKZ,20170913061,72.2,1.369305619,1.516575851,1.188705102,4.42364982,1.275821773,0.759560073,0.758022744,0.879323689,0.121196561,14.2909497,700,0.9875,25,21.5
MKZ,20170913062,86.36,1.483426831,1.516125925,1.25665506,4.556711583,1.206477396,0.778600667,0.821685646,0.897786173,0.093577843,13.99706411,700,0.9875,25,21.5
MKZ,20170913063,87.6,1.431269636,1.568058306,1.193971649,4.513602172,1.313312847,0.76447843,0.74115179,0.882845619,0.13543903,14.23393891,700,0.9875,25,21.5
MKZ,20170913064,80.04,1.405649361,1.483777618,1.20867412,4.425488565,1.227607668,0.783788633,0.812923141,0.901912524,0.102175833,13.93302596,700,0.9875,25,21.5
MKZ,20170913065,78.49,1.545589613,1.540423008,1.249474125,4.65335804,1.232857069,0.803021045,0.829324157,0.896955951,0.104286599,14.01001978,700,0.9875,25,21.5
MKZ,20170913066,75.13,1.539169554,1.602085444,1.278709072,4.684074648,1.252892843,0.751327081,0.763528467,0.881553579,0.112252495,14.25480075,700,0.9875,25,21.5
MKZ,20170913067,78.05,1.357178714,1.568382799,1.149869394,4.458818822,1.363966036,0.752551896,0.702494643,0.857841894,0.153964156,14.64881897,700,0.9875,25,21.5
MKZ,20170913068,66.05,1.647673628,1.657948382,1.31046858,4.797453032,1.265156912,0.758356778,0.763201647,0.899621014,0.11705896,13.9685161,700,0.9875,25,21.5
MKZ,20170913069,70.27,1.451552927,1.478399663,1.282661086,4.482077962,1.152603505,0.765471634,0.845588922,0.907995983,0.070892528,13.83967645,700,0.9875,25,21.5
MKZ,20170913070,72.81,1.525479634,1.562407731,1.277639832,4.656260781,1.222885896,0.764193944,0.795660456,0.884182035,0.100268708,14.21242472,700,0.9875,25,21.5
MKZ,20170913071,73.4,1.698472778,1.670577877,1.294658549,4.878544824,1.290361755,0.785301851,0.774881438,0.896784009,0.126775499,14.01270595,700,0.9875,25,21.5
MKZ,20170913072,75.01,1.532547554,1.610777567,1.21876692,4.678265046,1.321645296,0.780652453,0.752060766,0.879942263,0.138541963,14.28090357,700,0.9875,25,21.5
MKZ,20170913073,67.5,1.787853426,1.647871871,1.415514245,4.978876871,1.16415068,0.76646835,0.838291666,0.906314655,0.075849931,13.86535078,700,0.9875,25,21.5
MKZ,20170913074,80.36,1.332734918,1.549135463,1.142575445,4.338926865,1.355827722,0.752955819,0.707090664,0.889588133,0.151041487,14.12605469,700,0.9875,25,21.5
MKZ,20170913077,77.3,1.395763628,1.483675649,1.178728959,4.505245448,1.258708067,0.798103021,0.807316926,0.864141431,0.114538072,14.54203,700,0.9875,25,21.5
MKZ,20170913078,68.77,1.624288208,1.69414877,1.244454372,4.807560158,1.361358687,0.770428906,0.720559951,0.883127687,0.153029986,14.22939264,700,0.9875,25,21.5
MKZ,20170913079,71.26,1.2316907,1.384536734,1.170607473,4.185211522,1.182750637,0.759951519,0.818093261,0.883642716,0.083724927,14.22109908,700,0.9875,25,21.5
MKZ,20170913080,59.33,1.449711171,1.511013538,1.245518029,4.492608499,1.213160711,0.7703057,0.808453216,0.902597655,0.096315062,13.92244988,700,0.9875,25,21.5
MKZ,20170913081,57.9,1.560529981,1.615930454,1.261478396,4.706706946,1.280981473,0.765543078,0.760916329,0.885212756,0.123184461,14.19587611,700,0.9875,25,21.5
MKZ,20170913082,57.68,1.436572038,1.614564936,1.188278782,4.501338686,1.358742545,0.748778817,0.701659637,0.890951146,0.15209059,14.10444407,700,0.9875,25,21.5
MKZ,20170913083,56.38,1.511515097,1.706252936,1.21510483,4.760599899,1.40420225,0.72904667,0.661052245,0.838106072,0.168123231,14.99377111,700,0.9875,25,21.5
MKZ,20170913084,62.66,1.719680665,1.71333609,1.352896729,4.989585954,1.266420454,0.741891847,0.745886593,0.868017849,0.117551204,14.47708781,700,0.9875,25,21.5
MKZ,20170913085,65.58,1.252640632,1.452346963,1.144411697,4.197004922,1.269077349,0.753657154,0.756128925,0.893629304,0.118584476,14.06217383,700,0.9875,25,21.5
MKZ,20170913086,58.74,1.557200833,1.618850156,1.22998582,4.664963762,1.316153511,0.782056034,0.756556633,0.899203404,0.136499377,13.97500338,700,0.9875,25,21.5
MKZ,20170913087,56.05,1.503982543,1.56901928,1.253607048,4.646931876,1.251603748,0.764633093,0.777850891,0.875225672,0.111744239,14.35786337,700,0.9875,25,21.5
MKZ,20170917002,237.49,1.197520085,1.416208615,1.089326073,4.106752184,1.300077773,0.776242962,0.760218547,0.892268737,0.130464185,14.08361639,700,0.9875,25,21.5
MKZ,20170917003,231.64,1.43355189,1.469964671,1.25021512,4.406000804,1.175769392,0.780048801,0.844714097,0.92797043,0.080784936,13.54177914,700,0.9875,25,21.5
MKZ,20170917004,172.97,1.270248518,1.492037646,1.109144728,4.208439511,1.345214568,0.76757478,0.72650608,0.901273044,0.147199567,13.94291185,700,0.9875,25,21.5
MKZ,20170917005,163.89,1.536033128,1.566385411,1.239931541,4.642281964,1.263283786,0.79086844,0.797101161,0.895668738,0.116328225,14.03015432,700,0.9875,25,21.5
MKZ,20170917006,155.55,1.457074959,1.539617185,1.258842945,4.489131315,1.223041517,0.751791817,0.78264806,0.908588299,0.100331692,13.83065424,700,0.9875,25,21.5
MKZ,20170917007,146.99,1.576470375,1.645136652,1.271061594,4.664656058,1.294301283,0.753906069,0.741638004,0.910450678,0.128274907,13.80236285,700,0.9875,25,21.5
MKZ,20170917008,144.34,1.582336918,1.53544743,1.296993581,4.659534281,1.183851218,0.794559057,0.85455334,0.915848846,0.084186696,13.72100939,700,0.9875,25,21.5
MKZ,20170917009,157.02,1.39674143,1.499264819,1.16465041,4.407679322,1.287308884,0.799911759,0.791169312,0.903453696,0.125610006,13.90925807,700,0.9875,25,21.5
MKZ,20170917010,157.57,1.409044313,1.582338579,1.176491229,4.465655707,1.344964195,0.756896577,0.716532571,0.887899971,0.147108513,14.15291252,700,0.9875,25,21.5
MKZ,20170917011,153.37,1.41944818,1.496065119,1.197855411,4.444047742,1.248953008,0.792071972,0.807474221,0.903175139,0.110697292,13.91354796,700,0.9875,25,21.5
MKZ,20170917012,154.59,1.510294525,1.542874292,1.251664847,4.580843364,1.232657684,0.78206536,0.807812709,0.904441805,0.104206608,13.8940621,700,0.9875,25,21.5
MKZ,20170917013,175.32,1.334989148,1.563506902,1.178575751,4.365654141,1.326607051,0.724470042,0.695325647,0.880215366,0.14037912,14.27647266,700,0.9875,25,21.5
MKZ,20170917014,151.03,1.281469341,1.421243217,1.17749742,4.221659718,1.207003254,0.765737385,0.807758485,0.903548845,0.093793814,13.90779335,700,0.9875,25,21.5
MKZ,20170917015,153.39,1.530136381,1.619185098,1.268962576,4.69370525,1.275991214,0.744705959,0.743100004,0.872787219,0.121261986,14.39797736,700,0.9875,25,21.5
MKZ,20170917016,133.87,1.554732889,1.542472929,1.301180932,4.605243518,1.185440772,0.774641116,0.832014324,0.921213831,0.084852802,13.64110067,700,0.9875,25,21.5
MKZ,20170917017,149.29,1.453128487,1.560010706,1.198420794,4.479555054,1.301721994,0.777261403,0.760254462,0.910005723,0.131085333,13.80911162,700,0.9875,25,21.5
MKZ,20170917018,146.16,1.415063407,1.583817037,1.185636643,4.508033986,1.335836781,0.753562498,0.718250602,0.875006746,0.143775791,14.36145569,700,0.9875,25,21.5
MKZ,20170917020,119.83,1.604218058,1.567156075,1.325268708,4.681443603,1.182519489,0.772408788,0.831666136,0.919842927,0.083627885,13.66143094,700,0.9875,25,21.5
MKZ,20170917021,121.95,1.628432656,1.559002393,1.353765589,4.711258584,1.151604388,0.771577493,0.853073317,0.921946635,0.070461089,13.63025813,700,0.9875,25,21.5
MKZ,20170917023,94.48,1.338361979,1.480306265,1.193564035,4.335265282,1.24024034,0.757488928,0.777643515,0.894853825,0.107238646,14.04293111,700,0.9875,25,21.5
MKZ,20170917024,89.62,1.436605038,1.495741953,1.233392054,4.445237381,1.212706007,0.778716835,0.817587332,0.913602614,0.096129358,13.75474459,700,0.9875,25,21.5
MKZ,20170917025,86.47,1.337517352,1.50804622,1.155334045,4.354575017,1.305290212,0.767674653,0.748824834,0.886375484,0.132430273,14.17725426,700,0.9875,25,21.5
MKZ,20170917026,86.54,1.410137252,1.53619855,1.179834208,4.403275257,1.302046118,0.778024102,0.760811034,0.913943987,0.131207674,13.74960697,700,0.9875,25,21.5
MKZ,20170917027,93.8,1.357773775,1.654943276,1.074539938,4.371388974,1.540141243,0.763522328,0.631206277,0.892890855,0.212642208,14.07380369,700,0.9875,25,21.5
MKZ,20170917028,85.72,1.38812787,1.470899452,1.204134608,4.400643811,1.221540717,0.783738983,0.816908886,0.900755457,0.099723906,13.95092366,700,0.9875,25,21.5
MKZ,20170917029,85.14,1.441159677,1.503230614,1.225710693,4.509759782,1.226415518,0.782165247,0.812027986,0.890461501,0.101695086,14.11219979,700,0.9875,25,21.5
MKZ,20170917031,83.75,1.388213497,1.49263551,1.193315251,4.419419121,1.250830833,0.779376492,0.79333907,0.893173328,0.11143922,14.06935274,700,0.9875,25,21.5
MKZ,20170917032,85.72,1.390197436,1.528132719,1.169754032,4.41210368,1.306370978,0.777715685,0.757991705,0.897418315,0.132836816,14.0028016,700,0.9875,25,21.5
MKZ,20170917033,83.32,1.329142857,1.519807839,1.165310756,4.275983319,1.304208196,0.750483635,0.73266327,0.913502039,0.132022877,13.75625897,700,0.9875,25,21.5
MKZ,20170917034,87.02,1.241644069,1.446586604,1.110754534,4.142520259,1.302345892,0.772742119,0.755471976,0.909238256,0.131320794,13.82076758,700,0.9875,25,21.5
MKZ,20170917035,87.03,1.357919749,1.473873387,1.209746103,4.346286285,1.218332825,0.761587304,0.795909831,0.903331822,0.098422032,13.91113465,700,0.9875,25,21.5
MKZ,20170917036,78.26,1.220255952,1.427901705,1.12745755,4.164361828,1.26647935,0.757970709,0.762016594,0.88422723,0.117574135,14.2116983,700,0.9875,25,21.5
MKZ,20170917037,76.7,1.51846139,1.581664388,1.21215574,4.673474464,1.304835951,0.792010601,0.772832184,0.873642734,0.132259283,14.38387812,700,0.9875,25,21.5
MKZ,20170917038,86.93,1.381884506,1.511786229,1.198131087,4.371800242,1.261786999,0.762916532,0.769841105,0.908575438,0.115743436,13.83085003,700,0.9875,25,21.5
MKZ,20170917039,78.75,1.504850668,1.590418888,1.25370033,4.624532402,1.268579779,0.754723965,0.757496228,0.884234826,0.118391155,14.2115762,700,0.9875,25,21.5
MKZ,20170917040,75.19,1.426913892,1.606641287,1.184804167,4.517230273,1.356039531,0.749604647,0.70383367,0.878745614,0.151117809,14.30035089,700,0.9875,25,21.5
MKZ,20170917041,79.48,1.255213721,1.415368074,1.141020938,4.15799294,1.240440054,0.777239151,0.797790768,0.912346997,0.107318227,13.77367455,700,0.9875,25,21.5
MKZ,20170917042,77.82,1.368016212,1.528308777,1.183430247,4.372460262,1.291422778,0.756375533,0.745725765,0.899185647,0.127179838,13.97527937,700,0.9875,25,21.5
MKZ,20170917043,83.4,1.407185363,1.452097178,1.22527324,4.470597294,1.185121107,0.79090201,0.8497087,0.884769354,0.084718923,14.20299037,700,0.9875,25,21.5
MKZ,20170917044,78.62,1.100560225,1.271285367,1.130806389,3.930237896,1.124229028,0.765565778,0.867037408,0.895335901,0.058481937,14.03536996,700,0.9875,25,21.5
MKZ,20170917045,74.73,1.159417756,1.359266314,1.110460457,4.012415905,1.224056476,0.768125698,0.798989289,0.904977798,0.10074226,13.88583305,700,0.9875,25,21.5
MKZ,20170917046,77.59,1.432899595,1.495724254,1.227452516,4.471564119,1.218559769,0.780475947,0.815497824,0.900547653,0.098514258,13.95414287,700,0.9875,25,21.5
MKZ,20170917048,73.99,1.762613803,1.676929313,1.361495357,4.941989439,1.231681992,0.772015902,0.798064096,0.906908359,0.103814967,13.85627389,700,0.9875,25,21.5
MKZ,20170917049,71.83,1.334924276,1.533937622,1.148141873,4.353062598,1.336017489,0.757972371,0.722356111,0.885271881,0.143842026,14.194928,700,0.9875,25,21.5
MKZ,20170917050,65.03,1.76123355,1.733083023,1.276598642,4.996125466,1.35757862,0.796055237,0.746600596,0.886666176,0.151671981,14.17260628,700,0.9875,25,21.5
MKZ,20170917051,65.64,1.817057897,1.68782247,1.362685221,5.066461702,1.238600407,0.790035225,0.812129629,0.889547414,0.106584635,14.12670131,700,0.9875,25,21.5
MKZ,20170917053,69.97,1.337493433,1.478365945,1.199625143,4.364425233,1.232356585,0.754161137,0.779180145,0.882363239,0.104085784,14.24172048,700,0.9875,25,21.5
MKZ,20170917054,65.44,1.443547727,1.577889939,1.211733187,4.550891638,1.302176053,0.755000845,0.738223476,0.875886882,0.131256709,14.34702457,700,0.9875,25,21.5
MKZ,20170917055,63.02,1.635757666,1.709762022,1.296481472,4.864818543,1.318770888,0.737933087,0.712455512,0.868551424,0.137474077,14.46819413,700,0.9875,25,21.5
MKZ,20170917056,60.5,1.731913203,1.749618131,1.290987549,4.978261227,1.35525562,0.766762384,0.720360184,0.878174098,0.150835271,14.30965755,700,0.9875,25,21.5
MKZ,20170917057,60.84,1.55799725,1.529161132,1.315325698,4.633486269,1.162572232,0.774604706,0.848340702,0.911928503,0.0751754,13.77999544,700,0.9875,25,21.5
MKZ,20170917058,51.56,1.605313235,1.626249339,1.304949963,4.753378344,1.246215859,0.756447503,0.772850761,0.892822001,0.109613623,14.07488906,700,0.9875,25,21.5
MKZ,20170917059,69.46,1.577387042,1.591422682,1.268999685,4.665346988,1.254076499,0.781072254,0.79300751,0.910710267,0.112718667,13.79842863,700,0.9875,25,21.5
MKZ,20170917061,73.04,1.387980566,1.446988933,1.215545356,4.454301374,1.190403078,0.78912719,0.844040109,0.879091446,0.086926046,14.29472517,700,0.9875,25,21.5
MKZ,20170917062,73.25,1.501943818,1.591551162,1.21585953,4.584694232,1.308992628,0.776157182,0.754957664,0.897930656,0.133821401,13.99481189,700,0.9875,25,21.5
MKZ,20170917063,63.12,1.518555176,1.592801919,1.228718789,4.654343537,1.296311193,0.775918857,0.762109113,0.880893833,0.129037908,14.26547688,700,0.9875,25,21.5
MKZ,20170917064,61.38,1.682515846,1.66251482,1.314264246,4.851368961,1.264977591,0.770035849,0.775065188,0.898339336,0.116989056,13.98844525,700,0.9875,25,21.5
MKZ,20170917065,66.16,1.295535714,1.546277803,1.082084344,4.312393433,1.428980848,0.774284837,0.689897332,0.87543217,0.176609399,14.35447662,700,0.9875,25,21.5
MKZ,20170917066,62.75,1.632708946,1.565255626,1.368429716,4.751815461,1.143833408,0.762256265,0.848493157,0.908656011,0.067091691,13.8296236,700,0.9875,25,21.5
MKZ,20170917067,61.32,1.318463575,1.473538762,1.181623079,4.360840578,1.247046362,0.757229643,0.773134628,0.871239545,0.109942708,14.42355398,700,0.9875,25,21.5
MKZ,20170917068,55.99,1.772245576,1.696568385,1.349710648,4.978391603,1.256986738,0.773948133,0.783955263,0.898577736,0.11386276,13.98473399,700,0.9875,25,21.5
SPZ,17050901,247.75,1.158858618,1.368544554,1.099813329,3.9732067,1.244342579,0.769932293,0.787812182,0.922482212,0.108870447,13.62234464,1200,2.5077,27,17
SPZ,17050902,240.8,1.318885045,1.402242843,1.220958868,4.233764997,1.148476726,0.770340406,0.854025028,0.924620061,0.069107905,13.5908479,1200,2.5077,27,17
SPZ,17050903,227.33,1.238146346,1.510122616,1.064063132,4.175758464,1.419203965,0.770535004,0.691285863,0.892300434,0.173281778,14.08311611,1200,2.5077,27,17
SPZ,17050904,135.86,1.439283163,1.492583965,1.207225478,4.467872344,1.236375468,0.798765099,0.822581277,0.906055075,0.105695788,13.86932314,1200,2.5077,27,17
SPZ,17050905,114.36,1.088668002,1.321972058,1.088828242,3.876303111,1.214123594,0.756334316,0.793160404,0.910478852,0.096708058,13.80193574,1200,2.5077,27,17
SPZ,17050906,92.51,1.25176581,1.480140836,1.119338308,4.212033835,1.322335549,0.755542115,0.727490159,0.886643934,0.138798008,14.17296182,1200,2.5077,27,17
SPZ,170509020,247.75,1.158858618,1.368544554,1.099813329,3.9732067,1.244342579,0.769932293,0.787812182,0.922482212,0.108870447,13.62234464,1200,2.5077,27,17
SPZ,170509021,240.8,1.318885045,1.402242843,1.220958868,4.233764997,1.148476726,0.770340406,0.854025028,0.924620061,0.069107905,13.5908479,1200,2.5077,27,17
SPZ,170509022,227.33,1.238146346,1.510122616,1.064063132,4.175758464,1.419203965,0.770535004,0.691285863,0.892300434,0.173281778,14.08311611,1200,2.5077,27,17
SPZ,170509023,135.86,1.439283163,1.492583965,1.207225478,4.467872344,1.236375468,0.798765099,0.822581277,0.906055075,0.105695788,13.86932314,1200,2.5077,27,17
SPZ,170509024,114.36,1.088668002,1.321972058,1.088828242,3.876303111,1.214123594,0.756334316,0.793160404,0.910478852,0.096708058,13.80193574,1200,2.5077,27,17
SPZ,170509025,92.51,1.25176581,1.480140836,1.119338308,4.212033835,1.322335549,0.755542115,0.727490159,0.886643934,0.138798008,14.17296182,1200,2.5077,27,17
TTZ,170806001,307.61,1.38165223,1.543678428,1.164829283,4.460857252,1.325240059,0.768386325,0.73823595,0.872513096,0.139873755,14.40250085,3800,3.3243,30,4.7
TTZ,170806002,203.16,1.526272542,1.627142891,1.210458178,4.671675071,1.344237183,0.774919535,0.73399115,0.878813456,0.146844008,14.29924694,3800,3.3243,30,4.7
TTZ,170806003,213.38,1.405001936,1.500272336,1.181491031,4.407966987,1.269812717,0.792640744,0.794779833,0.908678223,0.118870035,13.82928554,3800,3.3243,30,4.7
TTZ,170806004,173.85,1.315287184,1.519775499,1.122131987,4.317168052,1.354364296,0.771253605,0.725056465,0.886814006,0.150513791,14.17024374,3800,3.3243,30,4.7
TTZ,170806005,165.1,1.321774298,1.522244194,1.110972522,4.309481545,1.370190679,0.7815732,0.72627111,0.89436978,0.156186033,14.05053133,3800,3.3243,30,4.7
TTZ,170806006,146.33,1.551129416,1.514955889,1.294476116,4.601188343,1.170323554,0.790959059,0.860514469,0.920699434,0.078478416,13.64872199,3800,3.3243,30,4.7
TTZ,170806007,167.06,1.489412939,1.669972343,1.172578913,4.658323427,1.424187596,0.760613035,0.67999651,0.86251312,0.174981341,14.56948344,3800,3.3243,30,4.7
TTZ,170806008,133.9,1.632794616,1.71803507,1.195125411,4.82152135,1.437535387,0.79521773,0.704332338,0.882618925,0.179499091,14.2375948,3800,3.3243,30,4.7
TTZ,170806009,141.76,1.590627123,1.613547806,1.280293001,4.656771812,1.260295733,0.769975976,0.777883981,0.921739784,0.115160034,13.63331694,3800,3.3243,30,4.7
TTZ,170806010,127.35,1.449886931,1.6190719,1.169269752,4.533365613,1.38468638,0.765866873,0.704225883,0.886548516,0.161315292,14.17448722,3800,3.3243,30,4.7
TTZ,170806011,114.88,1.574658251,1.630166779,1.246665393,4.769859727,1.307621747,0.774826331,0.754453287,0.869731025,0.133306833,14.44857117,3800,3.3243,30,4.7
TTZ,170806121,140.58,1.606233102,1.620413342,1.252280665,4.70826818,1.293969784,0.791554981,0.778873754,0.910533758,0.128148935,13.80110348,3800,3.3243,30,4.7
TTZ,170806122,103.85,1.631023713,1.561001557,1.355014714,4.699058076,1.15201816,0.77110395,0.852243547,0.928214854,0.070639813,13.53821322,3800,3.3243,30,4.7
TTZ,170806123,127.34,1.377530288,1.540530503,1.171572941,4.37027747,1.31492496,0.763240702,0.73904464,0.906343862,0.13604111,13.86490397,3800,3.3243,30,4.7
TTZ,170806124,117.93,1.483141746,1.544598243,1.225498694,4.56692783,1.260383426,0.783527547,0.791519657,0.893602193,0.115194362,14.06260046,3800,3.3243,30,4.7
TTZ,170806125,121.16,1.51528678,1.538245832,1.245530913,4.690460136,1.235012167,0.790887254,0.815367617,0.865513407,0.105150285,14.51897857,3800,3.3243,30,4.7
TTZ,170806126,117.86,1.451007457,1.539480974,1.190286016,4.517094106,1.29337063,0.791851944,0.779526908,0.893637184,0.127921159,14.06204983,3800,3.3243,30,4.7
TTZ,170806127,99.92,1.471104856,1.599006039,1.156565436,4.582487022,1.38254697,0.795469103,0.732577439,0.880341156,0.160562194,14.27443273,3800,3.3243,30,4.7
TTZ,170806128,98.96,1.534400117,1.507425028,1.271376359,4.609946833,1.185663881,0.800624304,0.859760124,0.907311998,0.084946218,13.85010961,3800,3.3243,30,4.7
TTZ,170806129,99.27,1.751421043,1.690236259,1.322217962,4.923788905,1.278334063,0.783682406,0.780559213,0.907823826,0.122165607,13.84230096,3800,3.3243,30,4.7
TTZ,170806130,82.84,1.375376854,1.470753412,1.16295887,4.35308069,1.264665028,0.804113755,0.809565703,0.912090937,0.116867186,13.77754136,3800,3.3243,30,4.7
TTZ,170806131,96.49,1.729417038,1.618940568,1.333365284,4.813332205,1.214176331,0.801160786,0.840132993,0.938032583,0.096729573,13.39651825,3800,3.3243,30,4.7
TTZ,170806132,89.04,1.566399923,1.579061419,1.240261268,4.649685353,1.273168372,0.799816665,0.799861377,0.910469469,0.12017076,13.80207798,3800,3.3243,30,4.7
TTZ,170806133,71.33,1.540672656,1.658685737,1.192127618,4.619413325,1.391365918,0.779154378,0.713004504,0.90729098,0.163657897,13.85043045,3800,3.3243,30,4.7
TTZ,170806134,69.43,1.572375941,1.676988729,1.201594529,4.647908782,1.395636122,0.780312033,0.711879065,0.914641835,0.165148671,13.73911638,3800,3.3243,30,4.7
TTZ,170806135,85.44,1.795354236,1.736301144,1.350185892,4.938432792,1.28597192,0.765828516,0.758246067,0.925085171,0.125098615,13.58401476,3800,3.3243,30,4.7
TTZ,170806136,81.82,1.606510694,1.696919253,1.223171641,4.714410049,1.387310821,0.773989449,0.710348365,0.908319792,0.162237283,13.83474271,3800,3.3243,30,4.7
TTZ,170806137,89.91,1.590703505,1.698657602,1.211823938,4.717462482,1.401736299,0.77275863,0.701920073,0.898218906,0.167269112,13.99032076,3800,3.3243,30,4.7
TTZ,170806138,69.02,1.541387131,1.622068929,1.184149104,4.63541143,1.369818145,0.802483354,0.745904516,0.901457006,0.156053386,13.94006651,3800,3.3243,30,4.7
TTZ,170806139,73.85,1.769292569,1.687928682,1.354486776,4.883877066,1.24617583,0.773874954,0.790681516,0.932137694,0.109597756,13.48123855,3800,3.3243,30,4.7
TTZ,170806140,78.84,1.757122952,1.82353479,1.276098262,5.091300371,1.428992456,0.75509915,0.672797182,0.851833226,0.176613334,14.75214893,3800,3.3243,30,4.7
TTZ,170806141,78.4,1.839899825,1.719460166,1.3730915,5.023752911,1.252254614,0.779296239,0.792355466,0.91610974,0.112000931,13.71710186,3800,3.3243,30,4.7
TTZ,170806142,81.88,1.582313662,1.609944029,1.251214624,4.6367139,1.286704933,0.785506871,0.777286529,0.924872451,0.125379068,13.58713908,3800,3.3243,30,4.7
TTZ,170806143,86.17,1.534462853,1.670042707,1.208603692,4.753491651,1.381795139,0.760229793,0.700505168,0.853376683,0.16029722,14.7254675,3800,3.3243,30,4.7
TTZ,170806144,70.67,1.503689431,1.617596273,1.199195231,4.58494418,1.348901523,0.775172071,0.731691467,0.89887625,0.148538165,13.9800897,3800,3.3243,30,4.7
TTZ,170806145,79.11,1.538158332,1.598900385,1.20209886,4.602734532,1.330090593,0.800275368,0.766069809,0.912386923,0.141664274,13.77307182,3800,3.3243,30,4.7
TTZ,170806146,74.22,1.442291852,1.620132613,1.122461857,4.481807383,1.443374314,0.793105559,0.699619877,0.902311804,0.181459841,13.9268605,3800,3.3243,30,4.7
TTZ,170806147,65.03,1.586622639,1.582183763,1.297676835,4.669716059,1.219243282,0.772769853,0.806993281,0.914329143,0.09879191,13.74381503,3800,3.3243,30,4.7
TTZ,170806148,95.46,1.386514617,1.469127829,1.230640555,4.415254855,1.193791171,0.766891005,0.817928611,0.893763805,0.088336198,14.06005764,3800,3.3243,30,4.7
TTZ,170806149,68.78,1.478361105,1.613311524,1.233620045,4.55425912,1.307786405,0.742815358,0.723192935,0.895684211,0.133368671,14.02991195,3800,3.3243,30,4.7
TTZ,170806150,66.96,1.431805907,1.513614134,1.217815835,4.402762465,1.242892472,0.776760904,0.795726679,0.928204144,0.108294301,13.53836943,3800,3.3243,30,4.7
TTZ,170806151,68.92,1.785058505,1.695266766,1.358776105,4.98835627,1.247642463,0.774937193,0.790836084,0.901461933,0.110178761,13.93999032,3800,3.3243,30,4.7
TTZ,170806152,67.71,1.687289015,1.633575002,1.306519254,4.83842396,1.250326007,0.790559544,0.805047378,0.90571488,0.111239885,13.87453258,3800,3.3243,30,4.7
TTZ,170806153,70.84,1.639744191,1.665458353,1.22734703,4.775633424,1.356957985,0.802185759,0.752694366,0.90349135,0.151448599,13.90867839,3800,3.3243,30,4.7
TTZ,170806154,63.62,1.647938606,1.66185047,1.267126112,4.747302075,1.311511502,0.782580898,0.759743964,0.918876528,0.134765283,13.67579891,3800,3.3243,30,4.7
TTZ,170806155,60.39,1.611610124,1.676334983,1.21080673,4.73942534,1.384477755,0.794007039,0.730211198,0.901609499,0.161241913,13.93770877,3800,3.3243,30,4.7
TTZ,170806156,64.73,1.47162296,1.53723978,1.191117814,4.53071956,1.290585836,0.803711571,0.792909178,0.900890602,0.126860924,13.94883084,3800,3.3243,30,4.7
TTZ,170806157,70.22,1.507359229,1.555456614,1.245441507,4.582232885,1.248919845,0.7781002,0.793251823,0.902136621,0.110684178,13.9295649,3800,3.3243,30,4.7
TTZ,170806159,66.3,1.796845578,1.712159204,1.326267421,5.073450621,1.290960765,0.791289693,0.780427536,0.877230541,0.127003818,14.32504914,3800,3.3243,30,4.7
TTZ,170806160,67.44,1.548716585,1.603331858,1.255530821,4.630727222,1.277015133,0.769345023,0.767070399,0.907576861,0.121657133,13.84606765,3800,3.3243,30,4.7
TTZ,170806161,62.04,1.763538862,1.747233447,1.274916704,4.966213901,1.370468707,0.791684766,0.735517963,0.89855374,0.156285002,13.98510747,3800,3.3243,30,4.7
TTZ,170806162,73.02,1.51653122,1.601885616,1.22784957,4.589890416,1.304626931,0.771036063,0.75248608,0.904600005,0.132180583,13.89163227,3800,3.3243,30,4.7
TTZ,170806163,75.5,1.581247528,1.597265414,1.267746995,4.668163803,1.259924433,0.780890576,0.789143171,0.911837712,0.115014657,13.7813675,3800,3.3243,30,4.7
TTZ,170806164,64.34,1.997520752,1.753724204,1.437080644,5.1708949,1.220338059,0.792590503,0.826949191,0.938792783,0.099236266,13.38567023,3800,3.3243,30,4.7
TTZ,170806165,67.03,1.51900126,1.487079741,1.271367505,4.533283653,1.169669458,0.803438742,0.874580396,0.92884278,0.078200602,13.52906098,3800,3.3243,30,4.7
TTZ,170806166,66.62,1.509323291,1.599786208,1.222375408,4.574144762,1.308751957,0.771819455,0.750876471,0.906509434,0.133731108,13.86237159,3800,3.3243,30,4.7
TTZ,170806167,61.66,1.653491062,1.71042489,1.283034315,4.784000891,1.333109232,0.753458908,0.719621209,0.907881595,0.142774812,13.84142016,3800,3.3243,30,4.7
TTZ,170806168,75.57,1.508271839,1.64617503,1.190177755,4.631049563,1.383133757,0.769824598,0.708659676,0.883752445,0.160768885,14.21933335,3800,3.3243,30,4.7
TTZ,170806238,78.74,1.449255068,1.542806645,1.189575806,4.494820375,1.296938486,0.789661936,0.775232453,0.901425854,0.129275768,13.94054825,3800,3.3243,30,4.7
TTZ,170806239,70.9,1.531821515,1.540646085,1.286906035,4.564456655,1.197170612,0.772606652,0.821698538,0.923931671,0.089738417,13.60097397,3800,3.3243,30,4.7
TTZ,170807005,63.81,1.654903865,1.655525144,1.245985915,4.807526319,1.328686885,0.802276103,0.768796374,0.899786128,0.141146879,13.96595282,3800,3.3243,30,4.7
TTZ,170807006,74.17,1.353837321,1.509300323,1.151954694,4.319043788,1.310208058,0.778673542,0.756702678,0.912013216,0.134277109,13.77871547,3800,3.3243,30,4.7
TTZ,170807007,70.05,1.485740165,1.58753841,1.199625754,4.552174682,1.323361394,0.780140531,0.750592982,0.90097946,0.139178259,13.94745516,3800,3.3243,30,4.7
TTZ,170807008,73.27,1.388043651,1.514370252,1.191301136,4.383318514,1.271190135,0.769395245,0.770635663,0.907835013,0.119404417,13.84213038,3800,3.3243,30,4.7
TTZ,170807009,73.52,1.615036086,1.657098542,1.277689518,4.774858681,1.296949313,0.762796275,0.748851456,0.890166097,0.129279872,14.11688297,3800,3.3243,30,4.7
TTZ,170811101,77.29,1.201125469,1.523297435,1.055301261,4.106788667,1.443471633,0.747183389,0.659066251,0.894939198,0.181492442,14.04159148,3800,3.3243,30,4.7
TTZ,170811102,65.09,1.533220857,1.662335055,1.211616161,4.638000159,1.371998087,0.761239119,0.706443951,0.895680386,0.156829,14.02997186,3800,3.3243,30,4.7
TTZ,170811103,66.68,1.46417175,1.522825627,1.21140449,4.499659014,1.257074445,0.793693215,0.803899555,0.908746349,0.113897194,13.8282488,3800,3.3243,30,4.7
TTZ,170811104,66.76,1.505177402,1.576301832,1.217159061,4.604683922,1.295066424,0.784514496,0.771292392,0.892067885,0.128565527,14.08678737,3800,3.3243,30,4.7
TTZ,170811105,66.95,1.642915731,1.675600479,1.226966123,4.798496189,1.365645267,0.799120442,0.745048346,0.896633258,0.154564707,14.01506191,3800,3.3243,30,4.7
TTZ,170811106,71.58,1.376874777,1.467392549,1.237647628,4.366072959,1.185630317,0.758142985,0.814164091,0.90765819,0.084932166,13.844827,3800,3.3243,30,4.7
TTZ,170811107,63.23,1.146016804,1.418334216,1.039722494,4.039052085,1.364146899,0.777132311,0.725343869,0.88275857,0.15402888,14.23534253,3800,3.3243,30,4.7
ZYZ,170811001,375,1.174704493,1.433334472,1.039286709,4.149285342,1.379152124,0.788579914,0.728020581,0.857416606,0.159364389,14.65608496,3400,7.2429,29,6.5
ZYZ,170811002,259.86,1.269811783,1.371541545,1.160152009,4.223102437,1.182208482,0.798023148,0.859471612,0.894717609,0.083497284,14.04506907,3400,7.2429,29,6.5
ZYZ,170811003,246.4,1.37718764,1.545117869,1.143381335,4.476883693,1.35135831,0.779543587,0.734480051,0.863478159,0.149427805,14.55320032,3400,7.2429,29,6.5
ZYZ,170811004,219.95,1.302114254,1.501594731,1.117372864,4.286197179,1.34386182,0.77606525,0.735281671,0.890665571,0.146707377,14.1089664,3400,7.2429,29,6.5
ZYZ,170811005,178.66,1.521957429,1.614078682,1.219849668,4.599105524,1.323178359,0.772985756,0.743812068,0.904202327,0.139110438,13.89774196,3400,7.2429,29,6.5
ZYZ,170811006,190.78,1.191293517,1.457066646,1.067780562,4.08397333,1.364574987,0.765697715,0.714447076,0.897558673,0.154182036,14.00061187,3400,7.2429,29,6.5
ZYZ,170811007,195.42,1.406216937,1.500236177,1.179276799,4.444549102,1.272166279,0.794834915,0.795505479,0.894554431,0.11978273,14.04763106,3400,7.2429,29,6.5
ZYZ,170811008,177.94,1.309864276,1.545840407,1.110818487,4.330393519,1.391622866,0.762813804,0.69792235,0.877771415,0.163747751,14.3162222,3400,7.2429,29,6.5
ZYZ,170811009,165.28,1.425564501,1.500034359,1.23391642,4.362053482,1.215669339,0.770193629,0.806667532,0.941487946,0.097338233,13.34735157,3400,7.2429,29,6.5
ZYZ,170811010,174.97,1.207635913,1.432336229,1.072191652,4.107949981,1.335895711,0.786354943,0.749473332,0.899281356,0.143797392,13.97379199,3400,7.2429,29,6.5
ZYZ,170811011,168.49,1.386308863,1.528501817,1.168355302,4.364939381,1.30825085,0.776281268,0.755506491,0.914352024,0.133543046,13.7434711,3400,7.2429,29,6.5
ZYZ,170811012,167.05,1.565297297,1.618010034,1.223917246,4.686047871,1.321993002,0.790430283,0.761280197,0.895763284,0.138670961,14.02867346,3400,7.2429,29,6.5
ZYZ,170811013,155.78,1.374365918,1.550616717,1.167490053,4.410982073,1.328162679,0.759179943,0.72778579,0.887649791,0.140953501,14.15690144,3400,7.2429,29,6.5
ZYZ,170811014,141.75,1.602560781,1.6246331,1.2617795,4.719077659,1.287572908,0.781764141,0.773061481,0.904294992,0.125710926,13.89631783,3400,7.2429,29,6.5
ZYZ,170811015,146.82,1.609107522,1.623132004,1.264701798,4.756806394,1.283410846,0.783868275,0.777655954,0.893642835,0.124117325,14.06196091,3400,7.2429,29,6.5
ZYZ,170811016,146.82,1.610691815,1.646573182,1.253990296,4.711377666,1.313066925,0.780076578,0.756415631,0.911856458,0.135347111,13.78108419,3400,7.2429,29,6.5
ZYZ,170811017,142.31,1.699984135,1.674620479,1.300198581,4.87379026,1.287972855,0.780762206,0.771830953,0.8993341,0.125863755,13.97297246,3400,7.2429,29,6.5
ZYZ,170811018,143.16,1.389452719,1.469014113,1.236001829,4.345990534,1.188520986,0.765241812,0.819788752,0.924434372,0.086140817,13.59357786,3400,7.2429,29,6.5
ZYZ,170811019,129.49,1.511846657,1.592012242,1.194323035,4.589774011,1.33298295,0.79513255,0.75949524,0.90185144,0.142728411,13.93396968,3400,7.2429,29,6.5
ZYZ,170811020,146.73,1.463259278,1.602673405,1.191896695,4.588751547,1.344641202,0.766015647,0.725339527,0.873256974,0.14699102,14.39023219,3400,7.2429,29,6.5
ZYZ,170811021,164.16,1.292409565,1.406002701,1.17599049,4.197022473,1.195590196,0.78164616,0.83241131,0.921992606,0.089083198,13.62957851,3400,7.2429,29,6.5
ZYZ,170811022,144.02,1.446141693,1.634109997,1.139031214,4.487084714,1.434649004,0.776951545,0.689538297,0.902593441,0.178526352,13.92251487,3400,7.2429,29,6.5
ZYZ,170811023,129.48,1.329103531,1.488953105,1.120848253,4.265167545,1.328416314,0.796399489,0.763320438,0.918113734,0.141047077,13.68716113,3400,7.2429,29,6.5
ZYZ,170811024,133.14,1.672981599,1.544051149,1.378558902,4.770293303,1.12004728,0.785966715,0.893465767,0.923869996,0.056624813,13.60188194,3400,7.2429,29,6.5
ZYZ,170811025,130.68,1.495556438,1.601616419,1.236277892,4.591789555,1.295514891,0.755315142,0.7423281,0.891350924,0.128735776,14.09811812,3400,7.2429,29,6.5
ZYZ,170811026,138.87,1.399815788,1.541450612,1.191598388,4.410050717,1.293599108,0.762098955,0.750104511,0.904468786,0.128008032,13.89364765,3400,7.2429,29,6.5
ZYZ,170811027,108.95,1.380105631,1.557219931,1.157356934,4.382701646,1.345496696,0.765764195,0.724640394,0.902897349,0.147302146,13.91782867,3400,7.2429,29,6.5
ZYZ,170811028,118.76,1.509463948,1.506859571,1.284019092,4.665387346,1.173549194,0.780150664,0.846422699,0.871479538,0.079845993,14.41958194,3400,7.2429,29,6.5
ZYZ,170811029,137.33,1.462188692,1.54484243,1.189196514,4.531244826,1.299064042,0.795913011,0.78009081,0.894907667,0.130080779,14.04208621,3400,7.2429,29,6.5
ZYZ,170811030,137.15,1.606554353,1.635991105,1.2500356,4.716782745,1.308755611,0.785583049,0.764264462,0.907430852,0.133732479,13.84829553,3400,7.2429,29,6.5
ZYZ,170811031,117.13,1.692408705,1.809425186,1.253496319,5.010724531,1.443502592,0.746176481,0.658163974,0.847059776,0.181502812,14.83528196,3400,7.2429,29,6.5
ZYZ,170811032,115.65,1.338778813,1.451433641,1.193918209,4.297396973,1.215689341,0.772568631,0.809141693,0.910977704,0.097346382,13.7943778,3400,7.2429,29,6.5
ZYZ,170811033,120.09,1.631065857,1.635245595,1.266717509,4.773211338,1.290931548,0.787424159,0.776632641,0.89962193,0.126992685,13.96850187,3400,7.2429,29,6.5
ZYZ,170811034,122.02,1.530626511,1.615098697,1.235430734,4.628221781,1.307316268,0.767099612,0.747104266,0.89794714,0.133192087,13.99455497,3400,7.2429,29,6.5
ZYZ,170811036,116.98,1.836847568,1.814057156,1.350756613,5.066289847,1.342993355,0.749626704,0.710691798,0.899296528,0.146391092,13.97355625,3400,7.2429,29,6.5
ZYZ,170811037,123.15,1.446081566,1.571367053,1.223432401,4.487105161,1.284392216,0.752203187,0.745671634,0.902547688,0.124493602,13.92322065,3400,7.2429,29,6.5
ZYZ,170811038,127.4,1.509524182,1.662129776,1.190287521,4.675522871,1.396410318,0.762997763,0.695697326,0.867739899,0.165418382,14.48172502,3400,7.2429,29,6.5
ZYZ,170811039,118.55,1.373777896,1.668649178,1.129322716,4.493392724,1.477566292,0.729009892,0.628198023,0.855022676,0.192756211,14.6971197,3400,7.2429,29,6.5
ZYZ,170811040,111.5,1.600611148,1.635129687,1.271830668,4.694361885,1.285650463,0.769669613,0.762239673,0.912730513,0.124975567,13.76788706,3400,7.2429,29,6.5
ZYZ,170811041,128.12,1.462265753,1.555455863,1.198601939,4.525842891,1.297725135,0.784320634,0.769522004,0.897092498,0.129573869,14.0078873,3400,7.2429,29,6.5
ZYZ,170811042,102.49,1.815768587,1.796531026,1.335989793,5.025445439,1.344719125,0.756523872,0.716310263,0.903485606,0.147019369,13.90876681,3400,7.2429,29,6.5
ZYZ,170811043,112.57,1.488692043,1.564343827,1.210200652,4.49994815,1.292631783,0.786348879,0.774551965,0.923846274,0.127640115,13.6022312,3400,7.2429,29,6.5
ZYZ,170811044,105.12,1.672327454,1.630838034,1.309521223,4.912270132,1.245369686,0.783065241,0.800589289,0.870896813,0.109278079,14.42923023,3400,7.2429,29,6.5
ZYZ,170811045,106.08,1.555773532,1.634116943,1.226476063,4.660119539,1.332367579,0.776254569,0.741805812,0.900247924,0.142502229,13.95878878,3400,7.2429,29,6.5
ZYZ,170811046,94.31,1.570641538,1.650520808,1.26992007,4.705195837,1.299704483,0.749341332,0.734083039,0.891520912,0.130323042,14.09543001,3400,7.2429,29,6.5
ZYZ,170811047,106.26,1.533875753,1.738470429,1.234066905,4.764727573,1.408732721,0.71496399,0.646198113,0.849031684,0.169687868,14.80082647,3400,7.2429,29,6.5
ZYZ,170811048,106.31,1.578272044,1.64403555,1.259388443,4.674601956,1.305423723,0.762273735,0.743480486,0.907616651,0.132480515,13.84546063,3400,7.2429,29,6.5
ZYZ,170811049,109.67,1.577175275,1.697015018,1.217239121,4.768159406,1.394150902,0.763516405,0.697298462,0.871742645,0.164630768,14.41522986,3400,7.2429,29,6.5
ZYZ,170811050,105.12,1.688940258,1.693476423,1.265215609,4.807305374,1.338488405,0.788262002,0.749835672,0.918376433,0.144746668,13.68324596,3400,7.2429,29,6.5
ZYZ,170811051,105.14,1.511049476,1.617907412,1.256898394,4.6125451,1.287222117,0.743061652,0.734990074,0.892498094,0.125576836,14.07999714,3400,7.2429,29,6.5
ZYZ,170811052,94.52,1.276796315,1.493484337,1.106518076,4.193989147,1.349715264,0.772613754,0.728836971,0.9121723,0.148833039,13.77631245,3400,7.2429,29,6.5
ZYZ,170811053,99.28,2.220588223,1.940152311,1.461573204,5.523088172,1.327441079,0.783089922,0.751115112,0.914774276,0.140687162,13.73712723,3400,7.2429,29,6.5
ZYZ,170811054,100.78,1.628581802,1.628163005,1.31632317,4.756546579,1.236902185,0.75988727,0.782211022,0.904556989,0.105906368,13.89229287,3400,7.2429,29,6.5
ZYZ,170811055,90.89,1.850386809,1.801709911,1.365445286,5.099048883,1.319503556,0.752148084,0.725776509,0.894322252,0.137746526,14.05127803,3400,7.2429,29,6.5
ZYZ,170811056,103.54,1.483670271,1.495434761,1.247521082,4.501396198,1.198725042,0.795283605,0.844719598,0.920137603,0.090381943,13.65705583,3400,7.2429,29,6.5
ZYZ,170811057,104.16,1.666047346,1.690151338,1.257972404,4.860738747,1.343551999,0.783593151,0.742585168,0.886120215,0.146594571,14.18133838,3400,7.2429,29,6.5
ZYZ,170811058,96.01,1.343075718,1.476234652,1.175637211,4.337319122,1.255688947,0.773876713,0.784693085,0.89715526,0.113352928,14.00690736,3400,7.2429,29,6.5
ZYZ,170811059,92.77,1.428288933,1.637217357,1.141531657,4.465434031,1.434228606,0.764225933,0.678443224,0.900116203,0.178384481,13.96083147,3400,7.2429,29,6.5
ZYZ,170811060,103.8,1.25868335,1.497131833,1.097152036,4.189186887,1.364561869,0.766283774,0.715000782,0.901294831,0.154177344,13.94257481,3400,7.2429,29,6.5
ZYZ,170811061,94.47,1.4892099,1.636566101,1.204683785,4.562451491,1.358502639,0.755351853,0.707944042,0.899019804,0.152004341,13.97785739,3400,7.2429,29,6.5
ZYZ,170811062,90.9,1.452814025,1.548765646,1.191499337,4.526472094,1.299845999,0.787282344,0.771167519,0.89104614,0.130376555,14.10294041,3400,7.2429,29,6.5
ZYZ,170811063,96.79,1.328483941,1.506539918,1.1205901,4.280165635,1.344416587,0.786916921,0.745255416,0.911265695,0.146909295,13.7900183,3400,7.2429,29,6.5
ZYZ,170811064,100.61,1.446386153,1.583026348,1.167386828,4.546449274,1.356042667,0.78267475,0.734882808,0.879324998,0.151118939,14.29092843,3400,7.2429,29,6.5
ZYZ,170811065,94.04,1.675566828,1.735064369,1.233875809,4.92173237,1.406190442,0.782662837,0.70866452,0.869231846,0.168810596,14.45686864,3400,7.2429,29,6.5
ZYZ,170811066,92.78,1.552934797,1.61574564,1.252183947,4.663771429,1.290342081,0.767559581,0.757386142,0.897198565,0.126767998,14.00623129,3400,7.2429,29,6.5
ZYZ,170811067,102.71,1.607306762,1.688999001,1.231500178,4.780625676,1.371497164,0.772742681,0.717381388,0.883769799,0.156650899,14.21905413,3400,7.2429,29,6.5
